scenario,solver,instance_id,status,objective,elapsed_s,notes
tsp50,two_opt,tsp50_00000,ok,626001.0,0.0012556000001495704,
tsp50,two_opt,tsp50_00001,ok,624036.0,0.0013341000012587756,
tsp50,two_opt,tsp50_00002,ok,638175.0,0.001654799998505041,
tsp50,two_opt,tsp50_00003,ok,649148.0,0.001393900005496107,
tsp50,two_opt,tsp50_00004,ok,676821.0,0.0014209000073606148,
tsp50,two_opt,tsp50_00005,ok,607170.0,0.0021438000112539157,
tsp50,two_opt,tsp50_00006,ok,757891.0,0.0014245999918784946,
tsp50,two_opt,tsp50_00007,ok,675995.0,0.0014321000053314492,
tsp50,two_opt,tsp50_00008,ok,601237.0,0.0013644999999087304,
tsp50,two_opt,tsp50_00009,ok,625584.0,0.0013438000023597851,
tsp50,two_opt,tsp50_00010,ok,617810.0,0.001326599987805821,
tsp50,two_opt,tsp50_00011,ok,798623.0,0.001361000002361834,
tsp50,two_opt,tsp50_00012,ok,761016.0,0.0014042999973753467,
tsp50,two_opt,tsp50_00013,ok,664911.0,0.0013464000076055527,
tsp50,two_opt,tsp50_00014,ok,681640.0,0.0013197000080253929,
tsp50,two_opt,tsp50_00015,ok,581131.0,0.0016462000057799742,
tsp50,two_opt,tsp50_00016,ok,583481.0,0.0015653000009479001,
tsp50,two_opt,tsp50_00017,ok,694938.0,0.0012973999982932582,
tsp50,two_opt,tsp50_00018,ok,621190.0,0.0012755000061588362,
tsp50,two_opt,tsp50_00019,ok,646048.0,0.001327499994658865,
tsp50,ga,tsp50_00000,ok,626001.0,0.06530380000185687,
tsp50,ga,tsp50_00001,ok,624036.0,0.05410949999350123,
tsp50,ga,tsp50_00002,ok,638175.0,0.0563038999971468,
tsp50,ga,tsp50_00003,ok,634548.0,0.05394539999542758,
tsp50,ga,tsp50_00004,ok,676821.0,0.05426810000790283,
tsp50,ga,tsp50_00005,ok,607170.0,0.0533201999933226,
tsp50,ga,tsp50_00006,ok,627143.0,0.05293360000359826,
tsp50,ga,tsp50_00007,ok,616567.0,0.05331309999746736,
tsp50,ga,tsp50_00008,ok,601237.0,0.0533065999916289,
tsp50,ga,tsp50_00009,ok,625584.0,0.05369770000106655,
tsp50,ga,tsp50_00010,ok,617810.0,0.053815000006579794,
tsp50,ga,tsp50_00011,ok,788264.0,0.05233189999125898,
tsp50,ga,tsp50_00012,ok,701632.0,0.058310799999162555,
tsp50,ga,tsp50_00013,ok,623932.0,0.05214309999428224,
tsp50,ga,tsp50_00014,ok,681640.0,0.05423569999402389,
tsp50,ga,tsp50_00015,ok,581131.0,0.05301109999709297,
tsp50,ga,tsp50_00016,ok,583481.0,0.05373499999404885,
tsp50,ga,tsp50_00017,ok,686428.0,0.05461690000083763,
tsp50,ga,tsp50_00018,ok,621190.0,0.05159800000546966,
tsp50,ga,tsp50_00019,ok,646048.0,0.06792549999954645,
tsp50,pso,tsp50_00000,ok,626001.0,0.04536989999178331,
tsp50,pso,tsp50_00001,ok,624036.0,0.04503600001044106,
tsp50,pso,tsp50_00002,ok,638175.0,0.04430110000248533,
tsp50,pso,tsp50_00003,ok,649148.0,0.04369790000782814,
tsp50,pso,tsp50_00004,ok,670167.0,0.044014200000674464,
tsp50,pso,tsp50_00005,ok,607170.0,0.044298700013314374,
tsp50,pso,tsp50_00006,ok,705751.0,0.04469010001048446,
tsp50,pso,tsp50_00007,ok,602312.0,0.04465199999685865,
tsp50,pso,tsp50_00008,ok,601237.0,0.040796200002660044,
tsp50,pso,tsp50_00009,ok,625584.0,0.041064000004553236,
tsp50,pso,tsp50_00010,ok,617810.0,0.043080100003862754,
tsp50,pso,tsp50_00011,ok,778098.0,0.043215999990934506,
tsp50,pso,tsp50_00012,ok,707136.0,0.04222980000486132,
tsp50,pso,tsp50_00013,ok,664911.0,0.043705700009013526,
tsp50,pso,tsp50_00014,ok,635835.0,0.038771299994550645,
tsp50,pso,tsp50_00015,ok,581131.0,0.04049929999746382,
tsp50,pso,tsp50_00016,ok,583481.0,0.040638100006617606,
tsp50,pso,tsp50_00017,ok,694938.0,0.053989499996532686,
tsp50,pso,tsp50_00018,ok,621190.0,0.04131000000052154,
tsp50,pso,tsp50_00019,ok,646048.0,0.03881379999802448,
tsp100,two_opt,tsp100_00000,ok,979807.0,0.004671499991673045,
tsp100,two_opt,tsp100_00001,ok,976703.0,0.004522999995970167,
tsp100,two_opt,tsp100_00002,ok,946456.0,0.004448200008482672,
tsp100,two_opt,tsp100_00003,ok,1126231.0,0.004683699997258373,
tsp100,two_opt,tsp100_00004,ok,838742.0,0.005183000001125038,
tsp100,two_opt,tsp100_00005,ok,904402.0,0.004364600012195297,
tsp100,two_opt,tsp100_00006,ok,869997.0,0.004906900008791126,
tsp100,two_opt,tsp100_00007,ok,864785.0,0.005831000002217479,
tsp100,two_opt,tsp100_00008,ok,985557.0,0.004412299997056834,
tsp100,two_opt,tsp100_00009,ok,873757.0,0.004570500008412637,
tsp100,two_opt,tsp100_00010,ok,993848.0,0.005186800000956282,
tsp100,two_opt,tsp100_00011,ok,831012.0,0.0045886000007158145,
tsp100,two_opt,tsp100_00012,ok,966702.0,0.004373999996460043,
tsp100,two_opt,tsp100_00013,ok,881731.0,0.005524799998966046,
tsp100,two_opt,tsp100_00014,ok,1186628.0,0.004793400003109127,
tsp100,two_opt,tsp100_00015,ok,832283.0,0.004662699997425079,
tsp100,two_opt,tsp100_00016,ok,887783.0,0.005522499996004626,
tsp100,two_opt,tsp100_00017,ok,844720.0,0.00444410000636708,
tsp100,two_opt,tsp100_00018,ok,935155.0,0.004759399991598912,
tsp100,two_opt,tsp100_00019,ok,865616.0,0.005360900002415292,
tsp100,ga,tsp100_00000,ok,979807.0,0.18356569999014027,
tsp100,ga,tsp100_00001,ok,976703.0,0.17722940001112875,
tsp100,ga,tsp100_00002,ok,946456.0,0.17851430000155233,
tsp100,ga,tsp100_00003,ok,1126231.0,0.17715979999047704,
tsp100,ga,tsp100_00004,ok,838742.0,0.18298670000513084,
tsp100,ga,tsp100_00005,ok,904402.0,0.18360350000148173,
tsp100,ga,tsp100_00006,ok,869997.0,0.17785349999030586,
tsp100,ga,tsp100_00007,ok,864785.0,0.1815673999954015,
tsp100,ga,tsp100_00008,ok,985557.0,0.17956479999702424,
tsp100,ga,tsp100_00009,ok,873757.0,0.18077869999979157,
tsp100,ga,tsp100_00010,ok,993848.0,0.1754841999936616,
tsp100,ga,tsp100_00011,ok,831012.0,0.19594900000083726,
tsp100,ga,tsp100_00012,ok,966702.0,0.1757735999999568,
tsp100,ga,tsp100_00013,ok,881731.0,0.17887089999567252,
tsp100,ga,tsp100_00014,ok,1186628.0,0.17747539999254514,
tsp100,ga,tsp100_00015,ok,832283.0,0.17852380000113044,
tsp100,ga,tsp100_00016,ok,887783.0,0.17479079999611713,
tsp100,ga,tsp100_00017,ok,844720.0,0.17222139998921193,
tsp100,ga,tsp100_00018,ok,935155.0,0.17395159999432508,
tsp100,ga,tsp100_00019,ok,865616.0,0.1822736000031,
tsp100,pso,tsp100_00000,ok,979807.0,0.16132879999349825,
tsp100,pso,tsp100_00001,ok,976703.0,0.16059840000525583,
tsp100,pso,tsp100_00002,ok,946456.0,0.1591072000010172,
tsp100,pso,tsp100_00003,ok,1126231.0,0.1555116000090493,
tsp100,pso,tsp100_00004,ok,838742.0,0.15250840000226162,
tsp100,pso,tsp100_00005,ok,904402.0,0.15899820000049658,
tsp100,pso,tsp100_00006,ok,869997.0,0.15535950000048615,
tsp100,pso,tsp100_00007,ok,864785.0,0.1535375999956159,
tsp100,pso,tsp100_00008,ok,985557.0,0.1569630000012694,
tsp100,pso,tsp100_00009,ok,873757.0,0.17986109999765176,
tsp100,pso,tsp100_00010,ok,993848.0,0.16919280000729486,
tsp100,pso,tsp100_00011,ok,831012.0,0.15753969999786932,
tsp100,pso,tsp100_00012,ok,966702.0,0.1587495999992825,
tsp100,pso,tsp100_00013,ok,881731.0,0.15872000000672415,
tsp100,pso,tsp100_00014,ok,1186628.0,0.15906420000828803,
tsp100,pso,tsp100_00015,ok,832283.0,0.15959329999168403,
tsp100,pso,tsp100_00016,ok,887783.0,0.16094989998964593,
tsp100,pso,tsp100_00017,ok,844720.0,0.15810630000487436,
tsp100,pso,tsp100_00018,ok,935155.0,0.16321159999642987,
tsp100,pso,tsp100_00019,ok,865616.0,0.16232679999666288,
cvrp50,two_opt,cvrp50_00000,ok,1193936.0,0.0010325000039301813,
cvrp50,two_opt,cvrp50_00001,ok,1205946.0,0.0008205000049201772,
cvrp50,two_opt,cvrp50_00002,ok,997285.0,0.0007713000086368993,
cvrp50,two_opt,cvrp50_00003,ok,1090476.0,0.0007804999913787469,
cvrp50,two_opt,cvrp50_00004,ok,1279059.0,0.0007597000076202676,
cvrp50,two_opt,cvrp50_00005,ok,960709.0,0.0007734000100754201,
cvrp50,two_opt,cvrp50_00006,ok,1124648.0,0.0008140999998431653,
cvrp50,two_opt,cvrp50_00007,ok,893366.0,0.0008077999955276027,
cvrp50,two_opt,cvrp50_00008,ok,1006345.0,0.0007623999990755692,
cvrp50,two_opt,cvrp50_00009,ok,1079027.0,0.000755899993237108,
cvrp50,two_opt,cvrp50_00010,ok,1168532.0,0.0007655999943381175,
cvrp50,two_opt,cvrp50_00011,ok,1044396.0,0.0007901999924797565,
cvrp50,two_opt,cvrp50_00012,ok,1296926.0,0.000934900002903305,
cvrp50,two_opt,cvrp50_00013,ok,895987.0,0.0007661999989068136,
cvrp50,two_opt,cvrp50_00014,ok,1299788.0,0.0007798999868100509,
cvrp50,two_opt,cvrp50_00015,ok,1048187.0,0.0007838999881641939,
cvrp50,two_opt,cvrp50_00016,ok,1113659.0,0.0008456999930785969,
cvrp50,two_opt,cvrp50_00017,ok,1153656.0,0.0008409000001847744,
cvrp50,two_opt,cvrp50_00018,ok,1065716.0,0.0008460999961243942,
cvrp50,two_opt,cvrp50_00019,ok,975996.0,0.0007874000002630055,
cvrp50,ga,cvrp50_00000,ok,1193936.0,0.023151300003519282,
cvrp50,ga,cvrp50_00001,ok,1205946.0,0.022713400001521222,
cvrp50,ga,cvrp50_00002,ok,997285.0,0.021464200006448664,
cvrp50,ga,cvrp50_00003,ok,1090476.0,0.020172299991827458,
cvrp50,ga,cvrp50_00004,ok,1279059.0,0.02174860000377521,
cvrp50,ga,cvrp50_00005,ok,960709.0,0.020129299999098293,
cvrp50,ga,cvrp50_00006,ok,1124648.0,0.02344620000803843,
cvrp50,ga,cvrp50_00007,ok,893366.0,0.022339300005114637,
cvrp50,ga,cvrp50_00008,ok,1006345.0,0.023505099990870804,
cvrp50,ga,cvrp50_00009,ok,1079027.0,0.02175280000665225,
cvrp50,ga,cvrp50_00010,ok,1168532.0,0.025539199996273965,
cvrp50,ga,cvrp50_00011,ok,1044396.0,0.02070010000898037,
cvrp50,ga,cvrp50_00012,ok,1296926.0,0.023024400012218393,
cvrp50,ga,cvrp50_00013,ok,895987.0,0.020407899995916523,
cvrp50,ga,cvrp50_00014,ok,1299788.0,0.020793600007891655,
cvrp50,ga,cvrp50_00015,ok,1048187.0,0.019783600000664592,
cvrp50,ga,cvrp50_00016,ok,1113659.0,0.020890600004349835,
cvrp50,ga,cvrp50_00017,ok,1153656.0,0.021902899999986403,
cvrp50,ga,cvrp50_00018,ok,1065716.0,0.02215540000179317,
cvrp50,ga,cvrp50_00019,ok,975996.0,0.022864800004754215,
cvrp50,pso,cvrp50_00000,ok,1193936.0,0.017015900011756457,
cvrp50,pso,cvrp50_00001,ok,1205946.0,0.01753560001088772,
cvrp50,pso,cvrp50_00002,ok,997285.0,0.019469199993181974,
cvrp50,pso,cvrp50_00003,ok,1090476.0,0.02202019999094773,
cvrp50,pso,cvrp50_00004,ok,1279059.0,0.017405599995981902,
cvrp50,pso,cvrp50_00005,ok,960709.0,0.01906510000117123,
cvrp50,pso,cvrp50_00006,ok,1124648.0,0.019043099993723445,
cvrp50,pso,cvrp50_00007,ok,893366.0,0.022945699995034374,
cvrp50,pso,cvrp50_00008,ok,1006345.0,0.017070699992473237,
cvrp50,pso,cvrp50_00009,ok,1079027.0,0.017501199996331707,
cvrp50,pso,cvrp50_00010,ok,1168532.0,0.017644599996856414,
cvrp50,pso,cvrp50_00011,ok,1044396.0,0.016026800003601238,
cvrp50,pso,cvrp50_00012,ok,1296926.0,0.01768239999364596,
cvrp50,pso,cvrp50_00013,ok,895987.0,0.01648130000103265,
cvrp50,pso,cvrp50_00014,ok,1299788.0,0.016282099997624755,
cvrp50,pso,cvrp50_00015,ok,1048187.0,0.017089899993152358,
cvrp50,pso,cvrp50_00016,ok,1113659.0,0.017809599987231195,
cvrp50,pso,cvrp50_00017,ok,1153656.0,0.01937730000645388,
cvrp50,pso,cvrp50_00018,ok,1065716.0,0.01746659999480471,
cvrp50,pso,cvrp50_00019,ok,975996.0,0.01759610000590328,
cvrp100,two_opt,cvrp100_00000,ok,1816591.0,0.0036702999932458624,
cvrp100,two_opt,cvrp100_00001,ok,1786495.0,0.0031729000038467348,
cvrp100,two_opt,cvrp100_00002,ok,1587471.0,0.002729400002863258,
cvrp100,two_opt,cvrp100_00003,ok,1451404.0,0.0027387000009184703,
cvrp100,two_opt,cvrp100_00004,ok,1705597.0,0.003237900004023686,
cvrp100,two_opt,cvrp100_00005,ok,1399958.0,0.002781999995931983,
cvrp100,two_opt,cvrp100_00006,ok,1830725.0,0.0029141999984858558,
cvrp100,two_opt,cvrp100_00007,ok,1451871.0,0.0028067000093869865,
cvrp100,two_opt,cvrp100_00008,ok,1763094.0,0.0030165999924065545,
cvrp100,two_opt,cvrp100_00009,ok,1839510.0,0.0037402000016300008,
cvrp100,two_opt,cvrp100_00010,ok,1943388.0,0.0038569999887840822,
cvrp100,two_opt,cvrp100_00011,ok,1474242.0,0.0032192000071518123,
cvrp100,two_opt,cvrp100_00012,ok,2009779.0,0.0027529000071808696,
cvrp100,two_opt,cvrp100_00013,ok,1390487.0,0.0028873999981442466,
cvrp100,two_opt,cvrp100_00014,ok,1747925.0,0.0030814999918220565,
cvrp100,two_opt,cvrp100_00015,ok,1529656.0,0.0037788000045111403,
cvrp100,two_opt,cvrp100_00016,ok,1753929.0,0.005688900011591613,
cvrp100,two_opt,cvrp100_00017,ok,1887594.0,0.005082299991045147,
cvrp100,two_opt,cvrp100_00018,ok,1748207.0,0.007018899996182881,
cvrp100,two_opt,cvrp100_00019,ok,1548592.0,0.0028377999988151714,
cvrp100,ga,cvrp100_00000,ok,1816591.0,0.044732399997883476,
cvrp100,ga,cvrp100_00001,ok,1786495.0,0.04367889999412,
cvrp100,ga,cvrp100_00002,ok,1587471.0,0.04334040000685491,
cvrp100,ga,cvrp100_00003,ok,1451404.0,0.046486899998853914,
cvrp100,ga,cvrp100_00004,ok,1705597.0,0.04350090000662021,
cvrp100,ga,cvrp100_00005,ok,1399958.0,0.04055350000271574,
cvrp100,ga,cvrp100_00006,ok,1830725.0,0.0431825999985449,
cvrp100,ga,cvrp100_00007,ok,1451871.0,0.04188109999813605,
cvrp100,ga,cvrp100_00008,ok,1763094.0,0.04102999999304302,
cvrp100,ga,cvrp100_00009,ok,1839510.0,0.04121919999306556,
cvrp100,ga,cvrp100_00010,ok,1943388.0,0.0492175999970641,
cvrp100,ga,cvrp100_00011,ok,1474242.0,0.046869300000253133,
cvrp100,ga,cvrp100_00012,ok,2009779.0,0.04549910000059754,
cvrp100,ga,cvrp100_00013,ok,1390487.0,0.04062440000416245,
cvrp100,ga,cvrp100_00014,ok,1747925.0,0.04705909999029245,
cvrp100,ga,cvrp100_00015,ok,1529656.0,0.044107900001108646,
cvrp100,ga,cvrp100_00016,ok,1753929.0,0.04942369999480434,
cvrp100,ga,cvrp100_00017,ok,1887594.0,0.041968099991208874,
cvrp100,ga,cvrp100_00018,ok,1748207.0,0.04072370000358205,
cvrp100,ga,cvrp100_00019,ok,1548592.0,0.04320550001284573,
cvrp100,pso,cvrp100_00000,ok,1816591.0,0.03879360000428278,
cvrp100,pso,cvrp100_00001,ok,1786495.0,0.03724350000265986,
cvrp100,pso,cvrp100_00002,ok,1587471.0,0.0420451999962097,
cvrp100,pso,cvrp100_00003,ok,1451404.0,0.0419980000006035,
cvrp100,pso,cvrp100_00004,ok,1705597.0,0.04113630000210833,
cvrp100,pso,cvrp100_00005,ok,1399958.0,0.03922350000357255,
cvrp100,pso,cvrp100_00006,ok,1830725.0,0.04031909999321215,
cvrp100,pso,cvrp100_00007,ok,1451871.0,0.04118659999221563,
cvrp100,pso,cvrp100_00008,ok,1763094.0,0.03790389999630861,
cvrp100,pso,cvrp100_00009,ok,1839510.0,0.037507500004721805,
cvrp100,pso,cvrp100_00010,ok,1943388.0,0.03612560000328813,
cvrp100,pso,cvrp100_00011,ok,1474242.0,0.03644050000002608,
cvrp100,pso,cvrp100_00012,ok,2009779.0,0.038141700002597645,
cvrp100,pso,cvrp100_00013,ok,1390487.0,0.03922880000027362,
cvrp100,pso,cvrp100_00014,ok,1747925.0,0.038350399991031736,
cvrp100,pso,cvrp100_00015,ok,1529656.0,0.04051259999687318,
cvrp100,pso,cvrp100_00016,ok,1753929.0,0.03887669999676291,
cvrp100,pso,cvrp100_00017,ok,1887594.0,0.03858279999985825,
cvrp100,pso,cvrp100_00018,ok,1748207.0,0.0398191999993287,
cvrp100,pso,cvrp100_00019,ok,1548592.0,0.04164890000538435,
