condition,condition_label,axis,bin,x_mid,y_mean,y_q25,y_q75,count
source,FFSP100 ckpt @ FFSP100,margin_norm,0.0,0.03578865900635719,1.0,1.0,1.0,163.0
source,FFSP100 ckpt @ FFSP100,margin_norm,1.0,0.111661896109581,1.0,1.0,1.0,162.0
source,FFSP100 ckpt @ FFSP100,margin_norm,2.0,0.17465756088495255,1.0,1.0,1.0,162.0
source,FFSP100 ckpt @ FFSP100,margin_norm,3.0,0.25174252688884735,0.9876543209876543,1.0,1.0,162.0
source,FFSP100 ckpt @ FFSP100,margin_norm,4.0,0.323451429605484,0.9197530864197531,1.0,1.0,162.0
source,FFSP100 ckpt @ FFSP100,margin_norm,5.0,0.3960864990949631,0.8950617283950617,1.0,1.0,162.0
source,FFSP100 ckpt @ FFSP100,margin_norm,6.0,0.47852885723114014,0.7901234567901234,1.0,1.0,162.0
source,FFSP100 ckpt @ FFSP100,margin_norm,7.0,0.567245215177536,0.7098765432098766,0.0,1.0,162.0
source,FFSP100 ckpt @ FFSP100,margin_norm,8.0,0.6434234976768494,0.6012269938650306,0.0,1.0,163.0
source,FFSP100 ckpt @ FFSP100,margin_norm,9.0,0.7188582122325897,0.5740740740740741,0.0,1.0,162.0
source,FFSP100 ckpt @ FFSP100,margin_norm,10.0,0.8148195147514343,0.5370370370370371,0.0,1.0,162.0
source,FFSP100 ckpt @ FFSP100,margin_norm,11.0,0.9045705795288086,0.48148148148148145,0.0,1.0,162.0
source,FFSP100 ckpt @ FFSP100,margin_norm,12.0,1.0127894282341003,0.5185185185185185,0.0,1.0,162.0
source,FFSP100 ckpt @ FFSP100,margin_norm,13.0,1.1139342784881592,0.4012345679012346,0.0,1.0,162.0
source,FFSP100 ckpt @ FFSP100,margin_norm,14.0,1.2213367819786072,0.37037037037037035,0.0,1.0,162.0
source,FFSP100 ckpt @ FFSP100,margin_norm,15.0,1.3378078937530518,0.4506172839506173,0.0,1.0,162.0
source,FFSP100 ckpt @ FFSP100,margin_norm,16.0,1.4605997800827026,0.3558282208588957,0.0,1.0,163.0
source,FFSP100 ckpt @ FFSP100,margin_norm,17.0,1.591866374015808,0.3395061728395062,0.0,1.0,162.0
source,FFSP100 ckpt @ FFSP100,margin_norm,18.0,1.7152256965637207,0.25925925925925924,0.0,1.0,162.0
source,FFSP100 ckpt @ FFSP100,margin_norm,19.0,1.8872488141059875,0.25308641975308643,0.0,0.75,162.0
source,FFSP100 ckpt @ FFSP100,margin_norm,20.0,2.0802979469299316,0.24691358024691357,0.0,0.0,162.0
source,FFSP100 ckpt @ FFSP100,margin_norm,21.0,2.3266191482543945,0.15432098765432098,0.0,0.0,162.0
source,FFSP100 ckpt @ FFSP100,margin_norm,22.0,2.6458455324172974,0.1419753086419753,0.0,0.0,162.0
source,FFSP100 ckpt @ FFSP100,margin_norm,23.0,3.263824224472046,0.12269938650306748,0.0,0.0,163.0
source,FFSP100 ckpt @ FFSP100,rank_span,0.0,0.04347825050354004,1.0,1.0,1.0,127.0
source,FFSP100 ckpt @ FFSP100,rank_span,1.0,0.08695651590824127,1.0,1.0,1.0,175.0
source,FFSP100 ckpt @ FFSP100,rank_span,2.0,0.13043475151062012,1.0,1.0,1.0,103.0
source,FFSP100 ckpt @ FFSP100,rank_span,3.0,0.1304347813129425,0.9475982532751092,1.0,1.0,229.0
source,FFSP100 ckpt @ FFSP100,rank_span,4.0,0.17391303181648254,0.9090909090909091,1.0,1.0,143.0
source,FFSP100 ckpt @ FFSP100,rank_span,5.0,0.17391306161880493,0.8654970760233918,1.0,1.0,171.0
source,FFSP100 ckpt @ FFSP100,rank_span,6.0,0.21739129722118378,0.7413793103448276,0.25,1.0,58.0
source,FFSP100 ckpt @ FFSP100,rank_span,7.0,0.21739131212234497,0.8156424581005587,1.0,1.0,179.0
source,FFSP100 ckpt @ FFSP100,rank_span,8.0,0.260869562625885,0.6197718631178707,0.0,1.0,263.0
source,FFSP100 ckpt @ FFSP100,rank_span,10.0,0.30434781312942505,0.6319702602230484,0.0,1.0,269.0
source,FFSP100 ckpt @ FFSP100,rank_span,11.0,0.3478260636329651,0.4927536231884058,0.0,1.0,207.0
source,FFSP100 ckpt @ FFSP100,rank_span,12.0,0.3695652186870575,0.5208333333333334,0.0,1.0,96.0
source,FFSP100 ckpt @ FFSP100,rank_span,13.0,0.3913043439388275,0.4230769230769231,0.0,1.0,208.0
source,FFSP100 ckpt @ FFSP100,rank_span,14.0,0.43478259444236755,0.40625,0.0,1.0,96.0
source,FFSP100 ckpt @ FFSP100,rank_span,15.0,0.43478262424468994,0.44886363636363635,0.0,1.0,176.0
source,FFSP100 ckpt @ FFSP100,rank_span,16.0,0.47826087474823,0.3263888888888889,0.0,1.0,144.0
source,FFSP100 ckpt @ FFSP100,rank_span,17.0,0.52173912525177,0.296875,0.0,1.0,192.0
source,FFSP100 ckpt @ FFSP100,rank_span,18.0,0.5652173757553101,0.2727272727272727,0.0,1.0,176.0
source,FFSP100 ckpt @ FFSP100,rank_span,19.0,0.6086956560611725,0.3125,0.0,1.0,224.0
source,FFSP100 ckpt @ FFSP100,rank_span,20.0,0.6521739363670349,0.2767857142857143,0.0,1.0,112.0
source,FFSP100 ckpt @ FFSP100,rank_span,21.0,0.7391303777694702,0.17307692307692307,0.0,0.0,208.0
source,FFSP100 ckpt @ FFSP100,rank_span,22.0,0.782608687877655,0.1875,0.0,0.0,144.0
source,FFSP100 ckpt @ FFSP100,rank_span,23.0,0.8913043737411499,0.15625,0.0,0.0,192.0
source,FFSP100 ckpt @ FFSP100,delta_cost,6.0,1.0,0.8672654690618763,1.0,1.0,1002.0
source,FFSP100 ckpt @ FFSP100,delta_cost,11.0,2.0,0.6523867809057528,0.0,1.0,817.0
source,FFSP100 ckpt @ FFSP100,delta_cost,15.0,3.0,0.5007473841554559,0.0,1.0,669.0
source,FFSP100 ckpt @ FFSP100,delta_cost,18.0,4.0,0.3469750889679715,0.0,1.0,562.0
source,FFSP100 ckpt @ FFSP100,delta_cost,21.0,5.0,0.28532608695652173,0.0,1.0,368.0
source,FFSP100 ckpt @ FFSP100,delta_cost,22.0,6.0,0.23275862068965517,0.0,0.0,232.0
source,FFSP100 ckpt @ FFSP100,delta_cost,23.0,7.0,0.1446280991735537,0.0,0.0,242.0
transfer,FFSP100 ckpt @ FFSP50,margin_norm,0.0,0.03837884962558746,1.0,1.0,1.0,163.0
transfer,FFSP100 ckpt @ FFSP50,margin_norm,1.0,0.1106436625123024,1.0,1.0,1.0,163.0
transfer,FFSP100 ckpt @ FFSP50,margin_norm,2.0,0.17901991307735443,1.0,1.0,1.0,163.0
transfer,FFSP100 ckpt @ FFSP50,margin_norm,3.0,0.2518496811389923,0.9754601226993865,1.0,1.0,163.0
transfer,FFSP100 ckpt @ FFSP50,margin_norm,4.0,0.32577458024024963,0.9325153374233128,1.0,1.0,163.0
transfer,FFSP100 ckpt @ FFSP50,margin_norm,5.0,0.3954961597919464,0.8159509202453987,1.0,1.0,163.0
transfer,FFSP100 ckpt @ FFSP50,margin_norm,6.0,0.47293734550476074,0.7730061349693251,1.0,1.0,163.0
transfer,FFSP100 ckpt @ FFSP50,margin_norm,7.0,0.5475737452507019,0.6932515337423313,0.0,1.0,163.0
transfer,FFSP100 ckpt @ FFSP50,margin_norm,8.0,0.625612735748291,0.6932515337423313,0.0,1.0,163.0
transfer,FFSP100 ckpt @ FFSP50,margin_norm,9.0,0.7187302708625793,0.6687116564417178,0.0,1.0,163.0
transfer,FFSP100 ckpt @ FFSP50,margin_norm,10.0,0.8028237819671631,0.6196319018404908,0.0,1.0,163.0
transfer,FFSP100 ckpt @ FFSP50,margin_norm,11.0,0.8785645365715027,0.50920245398773,0.0,1.0,163.0
transfer,FFSP100 ckpt @ FFSP50,margin_norm,12.0,0.9758613705635071,0.5030674846625767,0.0,1.0,163.0
transfer,FFSP100 ckpt @ FFSP50,margin_norm,13.0,1.0789717435836792,0.4171779141104294,0.0,1.0,163.0
transfer,FFSP100 ckpt @ FFSP50,margin_norm,14.0,1.1934062242507935,0.38650306748466257,0.0,1.0,163.0
transfer,FFSP100 ckpt @ FFSP50,margin_norm,15.0,1.313933253288269,0.3128834355828221,0.0,1.0,163.0
transfer,FFSP100 ckpt @ FFSP50,margin_norm,16.0,1.4364866018295288,0.3128834355828221,0.0,1.0,163.0
transfer,FFSP100 ckpt @ FFSP50,margin_norm,17.0,1.5814735889434814,0.3619631901840491,0.0,1.0,163.0
transfer,FFSP100 ckpt @ FFSP50,margin_norm,18.0,1.745154857635498,0.2331288343558282,0.0,0.0,163.0
transfer,FFSP100 ckpt @ FFSP50,margin_norm,19.0,1.9127264022827148,0.24539877300613497,0.0,0.0,163.0
transfer,FFSP100 ckpt @ FFSP50,margin_norm,20.0,2.086534261703491,0.25153374233128833,0.0,0.5,163.0
transfer,FFSP100 ckpt @ FFSP50,margin_norm,21.0,2.317228317260742,0.11042944785276074,0.0,0.0,163.0
transfer,FFSP100 ckpt @ FFSP50,margin_norm,22.0,2.64019513130188,0.15337423312883436,0.0,0.0,163.0
transfer,FFSP100 ckpt @ FFSP50,margin_norm,23.0,3.268251895904541,0.11042944785276074,0.0,0.0,163.0
transfer,FFSP100 ckpt @ FFSP50,rank_span,0.0,0.04347825050354004,1.0,1.0,1.0,132.0
transfer,FFSP100 ckpt @ FFSP50,rank_span,1.0,0.08695651590824127,1.0,1.0,1.0,175.0
transfer,FFSP100 ckpt @ FFSP50,rank_span,2.0,0.13043475151062012,0.9719626168224299,1.0,1.0,107.0
transfer,FFSP100 ckpt @ FFSP50,rank_span,3.0,0.1304347962141037,0.96875,1.0,1.0,224.0
transfer,FFSP100 ckpt @ FFSP50,rank_span,4.0,0.17391303181648254,0.8680555555555556,1.0,1.0,144.0
transfer,FFSP100 ckpt @ FFSP50,rank_span,5.0,0.17391306161880493,0.8908045977011494,1.0,1.0,174.0
transfer,FFSP100 ckpt @ FFSP50,rank_span,6.0,0.21739129722118378,0.7166666666666667,0.0,1.0,60.0
transfer,FFSP100 ckpt @ FFSP50,rank_span,7.0,0.21739131212234497,0.8076923076923077,1.0,1.0,182.0
transfer,FFSP100 ckpt @ FFSP50,rank_span,8.0,0.260869562625885,0.6853932584269663,0.0,1.0,267.0
transfer,FFSP100 ckpt @ FFSP50,rank_span,10.0,0.30434781312942505,0.5793357933579336,0.0,1.0,271.0
transfer,FFSP100 ckpt @ FFSP50,rank_span,11.0,0.3478260636329651,0.5240384615384616,0.0,1.0,208.0
transfer,FFSP100 ckpt @ FFSP50,rank_span,12.0,0.3695652186870575,0.4895833333333333,0.0,1.0,96.0
transfer,FFSP100 ckpt @ FFSP50,rank_span,13.0,0.3913043439388275,0.4182692307692308,0.0,1.0,208.0
transfer,FFSP100 ckpt @ FFSP50,rank_span,14.0,0.43478259444236755,0.3645833333333333,0.0,1.0,96.0
transfer,FFSP100 ckpt @ FFSP50,rank_span,15.0,0.43478262424468994,0.4147727272727273,0.0,1.0,176.0
transfer,FFSP100 ckpt @ FFSP50,rank_span,16.0,0.47826087474823,0.3819444444444444,0.0,1.0,144.0
transfer,FFSP100 ckpt @ FFSP50,rank_span,17.0,0.52173912525177,0.2916666666666667,0.0,1.0,192.0
transfer,FFSP100 ckpt @ FFSP50,rank_span,18.0,0.5652173757553101,0.3068181818181818,0.0,1.0,176.0
transfer,FFSP100 ckpt @ FFSP50,rank_span,19.0,0.6086956560611725,0.29464285714285715,0.0,1.0,224.0
transfer,FFSP100 ckpt @ FFSP50,rank_span,20.0,0.6521739363670349,0.22321428571428573,0.0,0.0,112.0
transfer,FFSP100 ckpt @ FFSP50,rank_span,21.0,0.7391303777694702,0.19230769230769232,0.0,0.0,208.0
transfer,FFSP100 ckpt @ FFSP50,rank_span,22.0,0.782608687877655,0.19444444444444445,0.0,0.0,144.0
transfer,FFSP100 ckpt @ FFSP50,rank_span,23.0,0.8913043737411499,0.09895833333333333,0.0,0.0,192.0
transfer,FFSP100 ckpt @ FFSP50,delta_cost,5.0,1.0,0.8760869565217392,1.0,1.0,920.0
transfer,FFSP100 ckpt @ FFSP50,delta_cost,10.0,2.0,0.6602409638554216,0.0,1.0,830.0
transfer,FFSP100 ckpt @ FFSP50,delta_cost,15.0,3.0,0.46887966804979253,0.0,1.0,723.0
transfer,FFSP100 ckpt @ FFSP50,delta_cost,18.0,4.0,0.3713733075435203,0.0,1.0,517.0
transfer,FFSP100 ckpt @ FFSP50,delta_cost,20.0,5.0,0.3224852071005917,0.0,1.0,338.0
transfer,FFSP100 ckpt @ FFSP50,delta_cost,22.0,6.0,0.25476190476190474,0.0,1.0,420.0
transfer,FFSP100 ckpt @ FFSP50,delta_cost,23.0,8.0,0.18902439024390244,0.0,0.0,164.0
target_trained,FFSP50 ckpt @ FFSP50,margin_norm,0.0,0.04041503183543682,1.0,1.0,1.0,162.0
target_trained,FFSP50 ckpt @ FFSP50,margin_norm,1.0,0.11656682938337326,1.0,1.0,1.0,161.0
target_trained,FFSP50 ckpt @ FFSP50,margin_norm,2.0,0.2000245302915573,1.0,1.0,1.0,161.0
target_trained,FFSP50 ckpt @ FFSP50,margin_norm,3.0,0.28548702597618103,0.9316770186335404,1.0,1.0,161.0
target_trained,FFSP50 ckpt @ FFSP50,margin_norm,4.0,0.3532634675502777,0.84472049689441,1.0,1.0,161.0
target_trained,FFSP50 ckpt @ FFSP50,margin_norm,5.0,0.4199220836162567,0.8633540372670807,1.0,1.0,161.0
target_trained,FFSP50 ckpt @ FFSP50,margin_norm,6.0,0.5066790580749512,0.7701863354037267,1.0,1.0,161.0
target_trained,FFSP50 ckpt @ FFSP50,margin_norm,7.0,0.5906866788864136,0.7329192546583851,0.0,1.0,161.0
target_trained,FFSP50 ckpt @ FFSP50,margin_norm,8.0,0.6805937886238098,0.7469135802469136,0.25,1.0,162.0
target_trained,FFSP50 ckpt @ FFSP50,margin_norm,9.0,0.7644381523132324,0.6149068322981367,0.0,1.0,161.0
target_trained,FFSP50 ckpt @ FFSP50,margin_norm,10.0,0.8508975505828857,0.546583850931677,0.0,1.0,161.0
target_trained,FFSP50 ckpt @ FFSP50,margin_norm,11.0,0.9527318477630615,0.5093167701863354,0.0,1.0,161.0
target_trained,FFSP50 ckpt @ FFSP50,margin_norm,12.0,1.0516955852508545,0.40993788819875776,0.0,1.0,161.0
target_trained,FFSP50 ckpt @ FFSP50,margin_norm,13.0,1.1402809619903564,0.40993788819875776,0.0,1.0,161.0
target_trained,FFSP50 ckpt @ FFSP50,margin_norm,14.0,1.2483973503112793,0.40993788819875776,0.0,1.0,161.0
target_trained,FFSP50 ckpt @ FFSP50,margin_norm,15.0,1.3542028665542603,0.35403726708074534,0.0,1.0,161.0
target_trained,FFSP50 ckpt @ FFSP50,margin_norm,16.0,1.4867095947265625,0.2839506172839506,0.0,1.0,162.0
target_trained,FFSP50 ckpt @ FFSP50,margin_norm,17.0,1.6033504009246826,0.3105590062111801,0.0,1.0,161.0
target_trained,FFSP50 ckpt @ FFSP50,margin_norm,18.0,1.7226722240447998,0.2670807453416149,0.0,1.0,161.0
target_trained,FFSP50 ckpt @ FFSP50,margin_norm,19.0,1.8854706287384033,0.14906832298136646,0.0,0.0,161.0
target_trained,FFSP50 ckpt @ FFSP50,margin_norm,20.0,2.063242197036743,0.21739130434782608,0.0,0.0,161.0
target_trained,FFSP50 ckpt @ FFSP50,margin_norm,21.0,2.277132987976074,0.16149068322981366,0.0,0.0,161.0
target_trained,FFSP50 ckpt @ FFSP50,margin_norm,22.0,2.621602773666382,0.14906832298136646,0.0,0.0,161.0
target_trained,FFSP50 ckpt @ FFSP50,margin_norm,23.0,3.1939446926116943,0.12345679012345678,0.0,0.0,162.0
target_trained,FFSP50 ckpt @ FFSP50,rank_span,0.0,0.04347825050354004,1.0,1.0,1.0,122.0
target_trained,FFSP50 ckpt @ FFSP50,rank_span,1.0,0.08695651590824127,1.0,1.0,1.0,167.0
target_trained,FFSP50 ckpt @ FFSP50,rank_span,2.0,0.13043475151062012,0.9801980198019802,1.0,1.0,101.0
target_trained,FFSP50 ckpt @ FFSP50,rank_span,3.0,0.1304347962141037,0.9818181818181818,1.0,1.0,220.0
target_trained,FFSP50 ckpt @ FFSP50,rank_span,4.0,0.17391303181648254,0.8962962962962963,1.0,1.0,135.0
target_trained,FFSP50 ckpt @ FFSP50,rank_span,5.0,0.17391306161880493,0.884393063583815,1.0,1.0,173.0
target_trained,FFSP50 ckpt @ FFSP50,rank_span,6.0,0.21739129722118378,0.7166666666666667,0.0,1.0,60.0
target_trained,FFSP50 ckpt @ FFSP50,rank_span,7.0,0.21739131212234497,0.7472527472527473,0.25,1.0,182.0
target_trained,FFSP50 ckpt @ FFSP50,rank_span,8.0,0.260869562625885,0.6515151515151515,0.0,1.0,264.0
target_trained,FFSP50 ckpt @ FFSP50,rank_span,10.0,0.30434781312942505,0.6022304832713755,0.0,1.0,269.0
target_trained,FFSP50 ckpt @ FFSP50,rank_span,11.0,0.3478260636329651,0.48792270531400966,0.0,1.0,207.0
target_trained,FFSP50 ckpt @ FFSP50,rank_span,12.0,0.3695652186870575,0.4791666666666667,0.0,1.0,96.0
target_trained,FFSP50 ckpt @ FFSP50,rank_span,13.0,0.3913043439388275,0.4567307692307692,0.0,1.0,208.0
target_trained,FFSP50 ckpt @ FFSP50,rank_span,14.0,0.43478262424468994,0.4326923076923077,0.0,1.0,208.0
target_trained,FFSP50 ckpt @ FFSP50,rank_span,15.0,0.4782608449459076,0.421875,0.0,1.0,64.0
target_trained,FFSP50 ckpt @ FFSP50,rank_span,16.0,0.47826087474823,0.375,0.0,1.0,144.0
target_trained,FFSP50 ckpt @ FFSP50,rank_span,17.0,0.52173912525177,0.2552083333333333,0.0,1.0,192.0
target_trained,FFSP50 ckpt @ FFSP50,rank_span,18.0,0.5652173757553101,0.2840909090909091,0.0,1.0,176.0
target_trained,FFSP50 ckpt @ FFSP50,rank_span,19.0,0.6086956560611725,0.24107142857142858,0.0,0.0,224.0
target_trained,FFSP50 ckpt @ FFSP50,rank_span,20.0,0.6521739363670349,0.21428571428571427,0.0,0.0,112.0
target_trained,FFSP50 ckpt @ FFSP50,rank_span,21.0,0.7391303777694702,0.16826923076923078,0.0,0.0,208.0
target_trained,FFSP50 ckpt @ FFSP50,rank_span,22.0,0.782608687877655,0.14583333333333334,0.0,0.0,144.0
target_trained,FFSP50 ckpt @ FFSP50,rank_span,23.0,0.8913043737411499,0.140625,0.0,0.0,192.0
target_trained,FFSP50 ckpt @ FFSP50,delta_cost,6.0,1.0,0.8455284552845529,1.0,1.0,984.0
target_trained,FFSP50 ckpt @ FFSP50,delta_cost,12.0,2.0,0.609504132231405,0.0,1.0,968.0
target_trained,FFSP50 ckpt @ FFSP50,delta_cost,16.0,3.0,0.44309559939301973,0.0,1.0,659.0
target_trained,FFSP50 ckpt @ FFSP50,delta_cost,19.0,4.0,0.32548179871520344,0.0,1.0,467.0
target_trained,FFSP50 ckpt @ FFSP50,delta_cost,21.0,5.0,0.3413173652694611,0.0,1.0,334.0
target_trained,FFSP50 ckpt @ FFSP50,delta_cost,22.0,6.0,0.1875,0.0,0.0,192.0
target_trained,FFSP50 ckpt @ FFSP50,delta_cost,23.0,7.0,0.18181818181818182,0.0,0.0,264.0
