probe,seed_index,condition,raw_ess,ess,uniform_mixture,max_over_uniform
0,1,uniform,1.0,0.9999999999999999,0.0,1.0000000000000002
0,1,mid_s010,0.3509455566491229,0.4,0.09941452148814596,3.7238978780476772
0,1,mid_s020,0.686010952945784,0.6860109529457837,0.0,2.0377592770705366
0,1,mid_s035,0.9278179896954413,0.9278179896954416,0.0,1.3528046629205133
0,1,best_s015,0.26738293199188534,0.39999999999999986,0.2600984212688477,4.131554128422082
0,1,best_s025,0.4427929650361166,0.4427929650361166,0.0,3.1728180102351025
0,1,best_s040,0.689653632589047,0.6896536325890469,0.0,2.018709790552626
0,1,tails_s010,0.3593226393320702,0.4,0.08279116132329495,3.635713158005967
0,1,tails_s020,0.707567605651818,0.7075676056518182,0.0,1.9750735343081163
0,1,tails_s035,0.9852023822484562,0.9852023822484562,0.0,1.1636666708446628
1,1,uniform,1.0,0.9999999999999999,0.0,1.0000000000000002
1,1,mid_s010,0.35094555664912297,0.3999999999999998,0.09941452148814561,3.723897878047678
1,1,mid_s020,0.686010952945784,0.686010952945784,0.0,2.0377592770705366
1,1,mid_s035,0.9278179896954417,0.9278179896954417,0.0,1.3528046629205133
1,1,best_s015,0.2673829319918854,0.4,0.26009842126884786,4.131554128422081
1,1,best_s025,0.4427929650361166,0.442792965036117,0.0,3.172818010235102
1,1,best_s040,0.6896536325890468,0.689653632589047,0.0,2.0187097905526254
1,1,tails_s010,0.3593226393320702,0.4,0.08279116132329507,3.635713158005967
1,1,tails_s020,0.7075676056518181,0.7075676056518181,0.0,1.9750735343081163
1,1,tails_s035,0.9852023822484567,0.9852023822484567,0.0,1.1636666708446626
2,1,uniform,1.0,0.9999999999999999,0.0,1.0000000000000002
2,1,mid_s010,0.3509455566491229,0.4,0.09941452148814606,3.7238978780476764
2,1,mid_s020,0.6860109529457842,0.6860109529457842,0.0,2.0377592770705366
2,1,mid_s035,0.9278179896954417,0.9278179896954419,0.0,1.3528046629205128
2,1,best_s015,0.26738293199188534,0.4,0.26009842126884786,4.131554128422081
2,1,best_s025,0.4427929650361167,0.4427929650361167,0.0,3.1728180102351025
2,1,best_s040,0.6896536325890468,0.689653632589047,0.0,2.0187097905526254
2,1,tails_s010,0.3593226393320703,0.4,0.08279116132329495,3.635713158005967
2,1,tails_s020,0.7075676056518183,0.7075676056518183,0.0,1.9750735343081158
2,1,tails_s035,0.9852023822484561,0.9852023822484567,0.0,1.1636666708446626
3,1,uniform,1.0,0.9999999999999999,0.0,1.0000000000000002
3,1,mid_s010,0.35094555664912286,0.4,0.09941452148814596,3.7238978780476772
3,1,mid_s020,0.6860109529457843,0.686010952945784,0.0,2.0377592770705366
3,1,mid_s035,0.9278179896954416,0.9278179896954414,0.0,1.3528046629205135
3,1,best_s015,0.26738293199188534,0.4000000000000001,0.2600984212688479,4.131554128422081
3,1,best_s025,0.4427929650361168,0.4427929650361167,0.0,3.1728180102351025
3,1,best_s040,0.6896536325890469,0.6896536325890469,0.0,2.018709790552626
3,1,tails_s010,0.3593226393320702,0.4,0.08279116132329485,3.6357131580059674
3,1,tails_s020,0.7075676056518181,0.7075676056518181,0.0,1.9750735343081163
3,1,tails_s035,0.9852023822484562,0.9852023822484562,0.0,1.1636666708446628
4,1,uniform,1.0,0.9999999999999999,0.0,1.0000000000000002
4,1,mid_s010,0.3509455566491227,0.3999999999999998,0.09941452148814596,3.723897878047678
4,1,mid_s020,0.686010952945784,0.686010952945784,0.0,2.0377592770705366
4,1,mid_s035,0.9278179896954412,0.9278179896954416,0.0,1.3528046629205133
4,1,best_s015,0.26738293199188523,0.4,0.2600984212688477,4.131554128422081
4,1,best_s025,0.4427929650361168,0.4427929650361168,0.0,3.1728180102351025
4,1,best_s040,0.689653632589047,0.689653632589047,0.0,2.0187097905526254
4,1,tails_s010,0.3593226393320702,0.3999999999999998,0.08279116132329495,3.6357131580059674
4,1,tails_s020,0.7075676056518181,0.7075676056518183,0.0,1.9750735343081158
4,1,tails_s035,0.9852023822484567,0.9852023822484567,0.0,1.1636666708446626
5,1,uniform,1.0,0.9999999999999999,0.0,1.0000000000000002
5,1,mid_s010,0.3509455566491229,0.4000000000000001,0.09941452148814606,3.7238978780476764
5,1,mid_s020,0.686010952945784,0.686010952945784,0.0,2.0377592770705366
5,1,mid_s035,0.9278179896954416,0.9278179896954413,0.0,1.3528046629205135
5,1,best_s015,0.2673829319918854,0.4,0.2600984212688477,4.131554128422081
5,1,best_s025,0.4427929650361167,0.4427929650361167,0.0,3.1728180102351025
5,1,best_s040,0.6896536325890469,0.6896536325890472,0.0,2.0187097905526254
5,1,tails_s010,0.3593226393320702,0.4,0.08279116132329507,3.635713158005967
5,1,tails_s020,0.7075676056518183,0.7075676056518183,0.0,1.9750735343081158
5,1,tails_s035,0.9852023822484568,0.9852023822484565,0.0,1.1636666708446628
6,1,uniform,1.0,0.9999999999999999,0.0,1.0000000000000002
6,1,mid_s010,0.3509455566491227,0.4000000000000002,0.09941452148814618,3.723897878047676
6,1,mid_s020,0.6860109529457843,0.686010952945784,0.0,2.0377592770705366
6,1,mid_s035,0.9278179896954414,0.9278179896954417,0.0,1.3528046629205133
6,1,best_s015,0.2673829319918854,0.4,0.26009842126884786,4.131554128422081
6,1,best_s025,0.4427929650361166,0.44279296503611676,0.0,3.172818010235102
6,1,best_s040,0.6896536325890469,0.6896536325890469,0.0,2.018709790552626
6,1,tails_s010,0.35932263933207026,0.3999999999999998,0.08279116132329495,3.6357131580059674
6,1,tails_s020,0.707567605651818,0.707567605651818,0.0,1.9750735343081163
6,1,tails_s035,0.985202382248457,0.9852023822484567,0.0,1.1636666708446626
7,1,uniform,1.0,0.9999999999999999,0.0,1.0000000000000002
7,1,mid_s010,0.35094555664912286,0.4,0.09941452148814596,3.7238978780476772
7,1,mid_s020,0.686010952945784,0.686010952945784,0.0,2.0377592770705366
7,1,mid_s035,0.9278179896954417,0.9278179896954417,0.0,1.3528046629205133
7,1,best_s015,0.26738293199188534,0.3999999999999999,0.2600984212688477,4.131554128422082
7,1,best_s025,0.4427929650361168,0.4427929650361166,0.0,3.1728180102351025
7,1,best_s040,0.6896536325890469,0.6896536325890469,0.0,2.018709790552626
7,1,tails_s010,0.3593226393320703,0.4,0.08279116132329507,3.635713158005967
7,1,tails_s020,0.7075676056518181,0.7075676056518181,0.0,1.9750735343081163
7,1,tails_s035,0.9852023822484567,0.9852023822484562,0.0,1.1636666708446628
8,2,uniform,1.0,0.9999999999999999,0.0,1.0000000000000002
8,2,mid_s010,0.35094555664912297,0.4,0.09941452148814618,3.7238978780476764
8,2,mid_s020,0.6860109529457842,0.686010952945784,0.0,2.0377592770705366
8,2,mid_s035,0.9278179896954416,0.9278179896954416,0.0,1.3528046629205135
8,2,best_s015,0.26738293199188534,0.4,0.26009842126884786,4.131554128422081
8,2,best_s025,0.4427929650361167,0.4427929650361167,0.0,3.1728180102351025
8,2,best_s040,0.6896536325890472,0.6896536325890472,0.0,2.0187097905526254
8,2,tails_s010,0.35932263933207026,0.3999999999999998,0.08279116132329485,3.6357131580059683
8,2,tails_s020,0.7075676056518182,0.7075676056518182,0.0,1.9750735343081158
8,2,tails_s035,0.985202382248457,0.985202382248457,0.0,1.1636666708446624
9,2,uniform,1.0,0.9999999999999999,0.0,1.0000000000000002
9,2,mid_s010,0.3509455566491228,0.4,0.09941452148814574,3.7238978780476772
9,2,mid_s020,0.6860109529457838,0.6860109529457842,0.0,2.0377592770705366
9,2,mid_s035,0.9278179896954416,0.9278179896954416,0.0,1.3528046629205133
9,2,best_s015,0.2673829319918854,0.4,0.2600984212688477,4.131554128422081
9,2,best_s025,0.44279296503611687,0.44279296503611687,0.0,3.1728180102351025
9,2,best_s040,0.6896536325890469,0.6896536325890469,0.0,2.018709790552626
9,2,tails_s010,0.3593226393320702,0.39999999999999986,0.08279116132329485,3.6357131580059674
9,2,tails_s020,0.7075676056518185,0.7075676056518182,0.0,1.9750735343081158
9,2,tails_s035,0.9852023822484568,0.9852023822484568,0.0,1.1636666708446626
10,2,uniform,1.0,0.9999999999999999,0.0,1.0000000000000002
10,2,mid_s010,0.35094555664912297,0.40000000000000013,0.09941452148814618,3.7238978780476764
10,2,mid_s020,0.686010952945784,0.6860109529457838,0.0,2.0377592770705366
10,2,mid_s035,0.9278179896954422,0.9278179896954416,0.0,1.3528046629205135
10,2,best_s015,0.26738293199188534,0.4,0.2600984212688477,4.131554128422082
10,2,best_s025,0.4427929650361166,0.44279296503611687,0.0,3.172818010235102
10,2,best_s040,0.6896536325890466,0.6896536325890469,0.0,2.0187097905526254
10,2,tails_s010,0.3593226393320701,0.4,0.08279116132329485,3.6357131580059674
10,2,tails_s020,0.7075676056518181,0.7075676056518181,0.0,1.9750735343081158
10,2,tails_s035,0.9852023822484565,0.9852023822484565,0.0,1.1636666708446626
11,2,uniform,1.0,0.9999999999999999,0.0,1.0000000000000002
11,2,mid_s010,0.3509455566491229,0.4000000000000001,0.09941452148814618,3.7238978780476764
11,2,mid_s020,0.6860109529457842,0.6860109529457842,0.0,2.0377592770705366
11,2,mid_s035,0.9278179896954408,0.9278179896954417,0.0,1.3528046629205133
11,2,best_s015,0.26738293199188534,0.4,0.26009842126884786,4.131554128422082
11,2,best_s025,0.4427929650361166,0.4427929650361168,0.0,3.172818010235102
11,2,best_s040,0.689653632589047,0.6896536325890469,0.0,2.018709790552626
11,2,tails_s010,0.3593226393320703,0.4,0.08279116132329517,3.635713158005967
11,2,tails_s020,0.707567605651818,0.7075676056518181,0.0,1.9750735343081163
11,2,tails_s035,0.9852023822484568,0.9852023822484565,0.0,1.1636666708446628
12,2,uniform,1.0,0.9999999999999999,0.0,1.0000000000000002
12,2,mid_s010,0.3509455566491229,0.39999999999999963,0.09941452148814561,3.7238978780476786
12,2,mid_s020,0.6860109529457842,0.6860109529457842,0.0,2.0377592770705366
12,2,mid_s035,0.9278179896954413,0.9278179896954416,0.0,1.3528046629205133
12,2,best_s015,0.2673829319918855,0.4,0.26009842126884786,4.131554128422081
12,2,best_s025,0.4427929650361168,0.4427929650361168,0.0,3.1728180102351025
12,2,best_s040,0.6896536325890473,0.6896536325890468,0.0,2.018709790552626
12,2,tails_s010,0.3593226393320701,0.39999999999999986,0.0827911613232945,3.6357131580059683
12,2,tails_s020,0.707567605651818,0.7075676056518183,0.0,1.9750735343081158
12,2,tails_s035,0.9852023822484565,0.9852023822484565,0.0,1.1636666708446626
13,2,uniform,1.0,0.9999999999999999,0.0,1.0000000000000002
13,2,mid_s010,0.3509455566491231,0.4,0.09941452148814574,3.7238978780476772
13,2,mid_s020,0.6860109529457844,0.6860109529457842,0.0,2.0377592770705366
13,2,mid_s035,0.9278179896954417,0.9278179896954417,0.0,1.3528046629205133
13,2,best_s015,0.2673829319918854,0.4,0.26009842126884763,4.131554128422082
13,2,best_s025,0.4427929650361167,0.44279296503611654,0.0,3.1728180102351033
13,2,best_s040,0.6896536325890469,0.6896536325890469,0.0,2.018709790552626
13,2,tails_s010,0.3593226393320703,0.4,0.08279116132329507,3.635713158005967
13,2,tails_s020,0.7075676056518181,0.7075676056518181,0.0,1.9750735343081163
13,2,tails_s035,0.9852023822484567,0.9852023822484567,0.0,1.1636666708446626
14,2,uniform,1.0,0.9999999999999999,0.0,1.0000000000000002
14,2,mid_s010,0.35094555664912297,0.3999999999999998,0.09941452148814574,3.723897878047678
14,2,mid_s020,0.686010952945784,0.6860109529457843,0.0,2.037759277070536
14,2,mid_s035,0.9278179896954416,0.9278179896954422,0.0,1.3528046629205128
14,2,best_s015,0.2673829319918854,0.4,0.2600984212688477,4.131554128422081
14,2,best_s025,0.44279296503611676,0.4427929650361166,0.0,3.1728180102351025
14,2,best_s040,0.6896536325890472,0.6896536325890469,0.0,2.018709790552626
14,2,tails_s010,0.3593226393320703,0.4,0.08279116132329495,3.635713158005967
14,2,tails_s020,0.7075676056518183,0.7075676056518183,0.0,1.9750735343081158
14,2,tails_s035,0.9852023822484562,0.9852023822484562,0.0,1.1636666708446628
15,2,uniform,1.0,0.9999999999999999,0.0,1.0000000000000002
15,2,mid_s010,0.3509455566491229,0.4,0.09941452148814618,3.7238978780476764
15,2,mid_s020,0.6860109529457842,0.686010952945784,0.0,2.0377592770705366
15,2,mid_s035,0.9278179896954417,0.9278179896954417,0.0,1.3528046629205133
15,2,best_s015,0.26738293199188534,0.39999999999999986,0.2600984212688477,4.131554128422082
15,2,best_s025,0.44279296503611676,0.44279296503611676,0.0,3.172818010235102
15,2,best_s040,0.6896536325890469,0.6896536325890469,0.0,2.018709790552626
15,2,tails_s010,0.3593226393320702,0.4,0.08279116132329485,3.6357131580059674
15,2,tails_s020,0.7075676056518181,0.7075676056518181,0.0,1.9750735343081163
15,2,tails_s035,0.9852023822484565,0.9852023822484565,0.0,1.1636666708446626
