problem,problem_label,condition,condition_label,target_size,bin,x_min,x_max,x_mid,weight_mean,weight_q25,weight_q75,count
tsp100,TSP,search,TSP100 ckpt @ TSP100,100,0.0,1.0877847671508789e-05,0.2548561096191406,0.12724852561950684,0.23134957432649295,0.20000000298023224,0.20000000298023224,4886.0
tsp100,TSP,search,TSP100 ckpt @ TSP100,100,1.0,0.2549492120742798,0.5586494207382202,0.4008601903915405,0.26574130114770256,0.20000000298023224,0.20000000298023224,4886.0
tsp100,TSP,search,TSP100 ckpt @ TSP100,100,2.0,0.5587408542633057,0.9137611389160156,0.7366124987602234,0.3244293315204206,0.20000000298023224,0.20000000298023224,4886.0
tsp100,TSP,search,TSP100 ckpt @ TSP100,100,3.0,0.913824200630188,1.3431203365325928,1.116362452507019,0.4114295166295374,0.20000000298023224,0.26684657484292984,4886.0
tsp100,TSP,search,TSP100 ckpt @ TSP100,100,4.0,1.3431832790374756,1.8681687116622925,1.600380539894104,0.5572478990060992,0.20000000298023224,0.4619554132223129,4886.0
tsp100,TSP,search,TSP100 ckpt @ TSP100,100,5.0,1.8681960105895996,2.5557849407196045,2.181589365005493,0.660293965754063,0.20000000298023224,0.6704172939062119,4886.0
tsp100,TSP,search,TSP100 ckpt @ TSP100,100,6.0,2.555863857269287,3.5817501544952393,3.0266517400741577,0.7283791714834718,0.20000000298023224,0.8555134385824203,4886.0
tsp100,TSP,search,TSP100 ckpt @ TSP100,100,7.0,3.5818681716918945,5.511753082275391,4.3795270919799805,1.0347196078671328,0.24254009872674942,1.7762367725372314,4886.0
tsp100,TSP,search,TSP100 ckpt @ TSP100,100,8.0,5.512326240539551,11.980566024780273,7.558755397796631,1.690325114115115,0.7052121609449387,2.5,4886.0
tsp100,TSP,search,TSP100 ckpt @ TSP100,100,9.0,11.98172378540039,21.953018188476562,17.819284439086914,2.3464243472873125,2.5,2.5,4885.0
tsp100,TSP,search,TSP100 ckpt @ TSP100,100,10.0,21.955581665039062,28.191394805908203,25.44739532470703,2.4837260539329975,2.5,2.5,4887.0
tsp100,TSP,search,TSP100 ckpt @ TSP100,100,11.0,28.1947078704834,32.671730041503906,30.604814529418945,2.4888214489206444,2.5,2.5,4886.0
tsp100,TSP,search,TSP100 ckpt @ TSP100,100,12.0,32.67217254638672,36.64310073852539,34.62668800354004,2.4918034043722694,2.5,2.5,4886.0
tsp100,TSP,search,TSP100 ckpt @ TSP100,100,13.0,36.64349365234375,41.120704650878906,38.95623207092285,2.4958858213071395,2.5,2.5,4886.0
tsp100,TSP,search,TSP100 ckpt @ TSP100,100,14.0,41.12074661254883,45.177921295166016,42.9829158782959,2.499475417081518,2.5,2.5,4886.0
tsp100,TSP,search,TSP100 ckpt @ TSP100,100,15.0,45.178863525390625,49.98515319824219,47.402687072753906,2.5,2.5,2.5,4886.0
tsp100,TSP,search,TSP100 ckpt @ TSP100,100,16.0,49.9860725402832,55.89280700683594,52.94568061828613,2.5,2.5,2.5,4886.0
tsp100,TSP,search,TSP100 ckpt @ TSP100,100,17.0,55.89299392700195,63.11394119262695,59.44068145751953,2.5,2.5,2.5,4886.0
tsp100,TSP,search,TSP100 ckpt @ TSP100,100,18.0,63.11655044555664,70.39301300048828,67.0082778930664,2.5,2.5,2.5,4886.0
tsp100,TSP,search,TSP100 ckpt @ TSP100,100,19.0,70.39315795898438,78.89318084716797,74.22895812988281,2.5,2.5,2.5,4886.0
tsp100,TSP,search,TSP100 ckpt @ TSP100,100,20.0,78.89371490478516,87.22854614257812,83.06668472290039,2.5,2.5,2.5,4886.0
tsp100,TSP,search,TSP100 ckpt @ TSP100,100,21.0,87.22894287109375,96.29778289794922,92.05077362060547,2.5,2.5,2.5,4886.0
tsp100,TSP,search,TSP100 ckpt @ TSP100,100,22.0,96.29986572265625,110.1408920288086,101.64955139160156,2.5,2.5,2.5,4886.0
tsp100,TSP,search,TSP100 ckpt @ TSP100,100,23.0,110.14400482177734,155.2503662109375,121.54117202758789,2.5,2.5,2.5,4886.0
tsp100,TSP,transfer,TSP50 ckpt @ TSP50,50,0.0,1.192147465189919e-07,0.003980577923357487,0.001223160419613123,1.890925879148691,1.0918010473251343,2.5,1061.0
tsp100,TSP,transfer,TSP50 ckpt @ TSP50,50,1.0,0.003984776325523853,0.015778332948684692,0.008878094144165516,1.9809423416543974,2.5,2.5,1061.0
tsp100,TSP,transfer,TSP50 ckpt @ TSP50,50,2.0,0.01578250527381897,0.041156165301799774,0.025512907654047012,1.5400167864999268,0.20000000298023224,2.5,1061.0
tsp100,TSP,transfer,TSP50 ckpt @ TSP50,50,3.0,0.04117770493030548,0.09141890704631805,0.06270390748977661,1.1921677792780137,0.20000000298023224,2.5,1061.0
tsp100,TSP,transfer,TSP50 ckpt @ TSP50,50,4.0,0.09147916734218597,0.16665416955947876,0.12810641527175903,1.224830866969497,0.20000000298023224,2.5,1061.0
tsp100,TSP,transfer,TSP50 ckpt @ TSP50,50,5.0,0.16671110689640045,0.29887425899505615,0.22566963732242584,1.1388193921982175,0.20000000298023224,2.5,1061.0
tsp100,TSP,transfer,TSP50 ckpt @ TSP50,50,6.0,0.2994077205657959,0.4879814386367798,0.3809046149253845,1.5222850726894563,0.3619134724140167,2.5,1061.0
tsp100,TSP,transfer,TSP50 ckpt @ TSP50,50,7.0,0.48863494396209717,0.7508488893508911,0.5980878174304962,1.6428935933084983,0.617608368396759,2.5,1060.0
tsp100,TSP,transfer,TSP50 ckpt @ TSP50,50,8.0,0.7513008117675781,1.1587340831756592,0.9380568265914917,2.007581226913913,1.544420838356018,2.5,1061.0
tsp100,TSP,transfer,TSP50 ckpt @ TSP50,50,9.0,1.1590591669082642,1.7882182598114014,1.4409252405166626,2.010285186947347,1.6184024810791016,2.5,1061.0
tsp100,TSP,transfer,TSP50 ckpt @ TSP50,50,10.0,1.7908354997634888,2.9320735931396484,2.231907606124878,2.1810388635847504,2.5,2.5,1061.0
tsp100,TSP,transfer,TSP50 ckpt @ TSP50,50,11.0,2.9341957569122314,7.497211456298828,4.224552154541016,2.4087748919647893,2.5,2.5,1061.0
tsp100,TSP,transfer,TSP50 ckpt @ TSP50,50,12.0,7.560047149658203,28.404905319213867,18.581985473632812,2.4997825705701735,2.5,2.5,1061.0
tsp100,TSP,transfer,TSP50 ckpt @ TSP50,50,13.0,28.40583610534668,35.3032112121582,32.50349044799805,2.5,2.5,2.5,1061.0
tsp100,TSP,transfer,TSP50 ckpt @ TSP50,50,14.0,35.30510711669922,39.50468826293945,37.71646499633789,2.5,2.5,2.5,1061.0
tsp100,TSP,transfer,TSP50 ckpt @ TSP50,50,15.0,39.50675964355469,42.624332427978516,40.96253204345703,2.5,2.5,2.5,1060.0
tsp100,TSP,transfer,TSP50 ckpt @ TSP50,50,16.0,42.62631607055664,45.83576202392578,43.91778564453125,2.5,2.5,2.5,1061.0
tsp100,TSP,transfer,TSP50 ckpt @ TSP50,50,17.0,45.83776092529297,48.785675048828125,47.36245346069336,2.5,2.5,2.5,1061.0
tsp100,TSP,transfer,TSP50 ckpt @ TSP50,50,18.0,48.785728454589844,52.10856628417969,50.23418045043945,2.5,2.5,2.5,1061.0
tsp100,TSP,transfer,TSP50 ckpt @ TSP50,50,19.0,52.11604690551758,58.782325744628906,55.2707633972168,2.5,2.5,2.5,1061.0
tsp100,TSP,transfer,TSP50 ckpt @ TSP50,50,20.0,58.78236389160156,66.4432144165039,61.6564826965332,2.5,2.5,2.5,1061.0
tsp100,TSP,transfer,TSP50 ckpt @ TSP50,50,21.0,66.44458770751953,77.81974792480469,71.9339370727539,2.5,2.5,2.5,1061.0
tsp100,TSP,transfer,TSP50 ckpt @ TSP50,50,22.0,77.81999969482422,101.10888671875,88.50096130371094,2.5,2.5,2.5,1061.0
tsp100,TSP,transfer,TSP50 ckpt @ TSP50,50,23.0,101.11003875732422,132.0398406982422,112.60770416259766,2.5,2.5,2.5,1061.0
cvrp100,CVRP,search,CVRP100 ckpt @ CVRP100,100,0.0,0.0002040863037109375,0.3545989990234375,0.1787738800048828,0.4162005352973938,0.30000001192092896,0.48459434509277344,1225.0
cvrp100,CVRP,search,CVRP100 ckpt @ CVRP100,100,1.0,0.3549957275390625,0.6977119445800781,0.527613639831543,0.4109325422072897,0.30000001192092896,0.4593658447265625,1225.0
cvrp100,CVRP,search,CVRP100 ckpt @ CVRP100,100,2.0,0.6978168487548828,1.0441741943359375,0.8741445541381836,0.41228075334003994,0.30000001192092896,0.4654731750488281,1225.0
cvrp100,CVRP,search,CVRP100 ckpt @ CVRP100,100,3.0,1.0448083877563477,1.4082183837890625,1.2164192199707031,0.40948190085741937,0.30000001192092896,0.4725475311279297,1225.0
cvrp100,CVRP,search,CVRP100 ckpt @ CVRP100,100,4.0,1.4082622528076172,1.7683486938476562,1.5859127044677734,0.4203960550561243,0.30000001192092896,0.48233604431152344,1225.0
cvrp100,CVRP,search,CVRP100 ckpt @ CVRP100,100,5.0,1.7684135437011719,2.135303497314453,1.9557838439941406,0.4133197179619147,0.30000001192092896,0.47606372833251953,1225.0
cvrp100,CVRP,search,CVRP100 ckpt @ CVRP100,100,6.0,2.1354990005493164,2.4954299926757812,2.318850517272949,0.40954367637634276,0.30000001192092896,0.47194671630859375,1225.0
cvrp100,CVRP,search,CVRP100 ckpt @ CVRP100,100,7.0,2.4958906173706055,2.8644027709960938,2.675992012023926,0.4048850376751958,0.30000001192092896,0.4539985656738281,1225.0
cvrp100,CVRP,search,CVRP100 ckpt @ CVRP100,100,8.0,2.865673065185547,3.2677955627441406,3.066091537475586,0.4078745765102153,0.30000001192092896,0.4498729705810547,1225.0
cvrp100,CVRP,search,CVRP100 ckpt @ CVRP100,100,9.0,3.2686119079589844,3.6595897674560547,3.472651481628418,0.4073472057070051,0.30000001192092896,0.4631366729736328,1225.0
cvrp100,CVRP,search,CVRP100 ckpt @ CVRP100,100,10.0,3.659646987915039,4.088264465332031,3.872142791748047,0.4094045752895122,0.30000001192092896,0.4707508087158203,1225.0
cvrp100,CVRP,search,CVRP100 ckpt @ CVRP100,100,11.0,4.088561058044434,4.541872978210449,4.318123817443848,0.42267032389738124,0.30000001192092896,0.48511695861816406,1225.0
cvrp100,CVRP,search,CVRP100 ckpt @ CVRP100,100,12.0,4.5420427322387695,4.993226051330566,4.763280868530273,0.41081899404525757,0.30000001192092896,0.4811668395996094,1225.0
cvrp100,CVRP,search,CVRP100 ckpt @ CVRP100,100,13.0,4.994091033935547,5.45937442779541,5.218877792358398,0.42090110837196815,0.30000001192092896,0.48005104064941406,1225.0
cvrp100,CVRP,search,CVRP100 ckpt @ CVRP100,100,14.0,5.459405899047852,5.957135200500488,5.711208343505859,0.41867303439549036,0.30000001192092896,0.4764833450317383,1225.0
cvrp100,CVRP,search,CVRP100 ckpt @ CVRP100,100,15.0,5.95857048034668,6.502403259277344,6.2357025146484375,0.41917774395066865,0.30000001192092896,0.4621553421020508,1225.0
cvrp100,CVRP,search,CVRP100 ckpt @ CVRP100,100,16.0,6.502725601196289,7.088370323181152,6.78316593170166,0.42457038626378896,0.30000001192092896,0.4980125427246094,1225.0
cvrp100,CVRP,search,CVRP100 ckpt @ CVRP100,100,17.0,7.088691711425781,7.741616249084473,7.399135589599609,0.4221588515748783,0.30000001192092896,0.4722919464111328,1225.0
cvrp100,CVRP,search,CVRP100 ckpt @ CVRP100,100,18.0,7.74169921875,8.489463806152344,8.082191467285156,0.42320747467936304,0.30000001192092896,0.48984527587890625,1225.0
cvrp100,CVRP,search,CVRP100 ckpt @ CVRP100,100,19.0,8.490321159362793,9.35112476348877,8.89504337310791,0.42189487909784124,0.30000001192092896,0.4719581604003906,1225.0
cvrp100,CVRP,search,CVRP100 ckpt @ CVRP100,100,20.0,9.351299285888672,10.337583541870117,9.8052978515625,0.4323548407457313,0.30000001192092896,0.49606895446777344,1225.0
cvrp100,CVRP,search,CVRP100 ckpt @ CVRP100,100,21.0,10.33793830871582,11.701927185058594,10.992332458496094,0.44130418899107954,0.30000001192092896,0.5126724243164062,1225.0
cvrp100,CVRP,search,CVRP100 ckpt @ CVRP100,100,22.0,11.703498840332031,13.865999221801758,12.557543754577637,0.45237481477309244,0.30000001192092896,0.5370597839355469,1225.0
cvrp100,CVRP,search,CVRP100 ckpt @ CVRP100,100,23.0,13.866487503051758,29.772686004638672,15.624821662902832,0.4611684393396183,0.30000001192092896,0.5673389434814453,1225.0
cvrp100,CVRP,transfer,CVRP100 ckpt @ CVRP50,50,0.0,1.1920928955078125e-06,0.15104103088378906,0.07444524765014648,0.3575412407699896,0.30000001192092896,0.3452577590942383,1225.0
cvrp100,CVRP,transfer,CVRP100 ckpt @ CVRP50,50,1.0,0.1510465145111084,0.30702799558639526,0.2230842113494873,0.35477186577660696,0.30000001192092896,0.3249788284301758,1225.0
cvrp100,CVRP,transfer,CVRP100 ckpt @ CVRP50,50,2.0,0.30704832077026367,0.46035051345825195,0.38494551181793213,0.3619120415376157,0.30000001192092896,0.3487434387207031,1225.0
cvrp100,CVRP,transfer,CVRP100 ckpt @ CVRP50,50,3.0,0.46047115325927734,0.6295638084411621,0.5429229736328125,0.35853947731913355,0.30000001192092896,0.3411531448364258,1225.0
cvrp100,CVRP,transfer,CVRP100 ckpt @ CVRP50,50,4.0,0.6296076774597168,0.7894072532653809,0.70821213722229,0.36012372109354757,0.30000001192092896,0.3462991714477539,1225.0
cvrp100,CVRP,transfer,CVRP100 ckpt @ CVRP50,50,5.0,0.7894535064697266,0.955742359161377,0.8729703426361084,0.35855068680312896,0.30000001192092896,0.3509697914123535,1224.0
cvrp100,CVRP,transfer,CVRP100 ckpt @ CVRP50,50,6.0,0.9561110138893127,1.1243572235107422,1.039724588394165,0.3573928541553264,0.30000001192092896,0.34076786041259766,1225.0
cvrp100,CVRP,transfer,CVRP100 ckpt @ CVRP50,50,7.0,1.1246401071548462,1.3059885501861572,1.2134463787078857,0.36135919084354323,0.30000001192092896,0.36107349395751953,1225.0
cvrp100,CVRP,transfer,CVRP100 ckpt @ CVRP50,50,8.0,1.3061423301696777,1.4908757209777832,1.4027116298675537,0.36450512170791627,0.30000001192092896,0.3587932586669922,1225.0
cvrp100,CVRP,transfer,CVRP100 ckpt @ CVRP50,50,9.0,1.4910128116607666,1.690495491027832,1.589106559753418,0.3615753309094176,0.30000001192092896,0.3427858352661133,1225.0
cvrp100,CVRP,transfer,CVRP100 ckpt @ CVRP50,50,10.0,1.691035270690918,1.893129825592041,1.792356252670288,0.3599428405080523,0.30000001192092896,0.33884716033935547,1225.0
cvrp100,CVRP,transfer,CVRP100 ckpt @ CVRP50,50,11.0,1.8932228088378906,2.1070947647094727,1.9954065084457397,0.37705989313476224,0.30000001192092896,0.38290953636169434,1224.0
cvrp100,CVRP,transfer,CVRP100 ckpt @ CVRP50,50,12.0,2.107166290283203,2.338937997817993,2.219571352005005,0.36765582731791907,0.30000001192092896,0.37258338928222656,1225.0
cvrp100,CVRP,transfer,CVRP100 ckpt @ CVRP50,50,13.0,2.338965892791748,2.5675435066223145,2.4508631229400635,0.3667927474391704,0.30000001192092896,0.3636970520019531,1225.0
cvrp100,CVRP,transfer,CVRP100 ckpt @ CVRP50,50,14.0,2.567563056945801,2.850572109222412,2.7110812664031982,0.36422128896324,0.30000001192092896,0.3563556671142578,1225.0
cvrp100,CVRP,transfer,CVRP100 ckpt @ CVRP50,50,15.0,2.8509693145751953,3.1362171173095703,2.992607593536377,0.3754344253150784,0.30000001192092896,0.39822959899902344,1225.0
cvrp100,CVRP,transfer,CVRP100 ckpt @ CVRP50,50,16.0,3.136232852935791,3.4509174823760986,3.2859652042388916,0.37632343749610747,0.30000001192092896,0.3922100067138672,1225.0
cvrp100,CVRP,transfer,CVRP100 ckpt @ CVRP50,50,17.0,3.4512345790863037,3.827770709991455,3.635643482208252,0.37627943975278755,0.30000001192092896,0.37648534774780273,1224.0
cvrp100,CVRP,transfer,CVRP100 ckpt @ CVRP50,50,18.0,3.8278627395629883,4.2244873046875,4.025774955749512,0.38967636813922807,0.30000001192092896,0.4276447296142578,1225.0
cvrp100,CVRP,transfer,CVRP100 ckpt @ CVRP50,50,19.0,4.224496841430664,4.7154083251953125,4.461219787597656,0.3751616661889213,0.30000001192092896,0.3810853958129883,1225.0
cvrp100,CVRP,transfer,CVRP100 ckpt @ CVRP50,50,20.0,4.716108798980713,5.304165363311768,4.982942581176758,0.37769644766437765,0.30000001192092896,0.3941154479980469,1225.0
cvrp100,CVRP,transfer,CVRP100 ckpt @ CVRP50,50,21.0,5.304191589355469,6.103038787841797,5.66558837890625,0.37356852813642855,0.30000001192092896,0.3727388381958008,1225.0
cvrp100,CVRP,transfer,CVRP100 ckpt @ CVRP50,50,22.0,6.104223728179932,7.436188697814941,6.689072608947754,0.36962944308105783,0.30000001192092896,0.35361671447753906,1225.0
cvrp100,CVRP,transfer,CVRP100 ckpt @ CVRP50,50,23.0,7.4367170333862305,13.905634880065918,8.780901908874512,0.37508903230939594,0.30000001192092896,0.38423633575439453,1225.0
ffsp100,FFSP,search,FFSP100 ckpt @ FFSP100,100,0.0,0.009857177734375,1.089385986328125,0.509918212890625,2.5,2.5,2.5,123.0
ffsp100,FFSP,search,FFSP100 ckpt @ FFSP100,100,1.0,1.1087646484375,2.040130615234375,1.617034912109375,2.5,2.5,2.5,122.0
ffsp100,FFSP,search,FFSP100 ckpt @ FFSP100,100,2.0,2.048583984375,3.10809326171875,2.5374755859375,2.5,2.5,2.5,122.0
ffsp100,FFSP,search,FFSP100 ckpt @ FFSP100,100,3.0,3.11077880859375,4.113555908203125,3.6359100341796875,2.499182523274031,2.5,2.5,122.0
ffsp100,FFSP,search,FFSP100 ckpt @ FFSP100,100,4.0,4.12451171875,5.5057373046875,4.772186279296875,2.486631218010817,2.5,2.5,123.0
ffsp100,FFSP,search,FFSP100 ckpt @ FFSP100,100,5.0,5.5220947265625,6.6336669921875,6.0842437744140625,2.445941885963815,2.5,2.5,122.0
ffsp100,FFSP,search,FFSP100 ckpt @ FFSP100,100,6.0,6.640350341796875,7.84326171875,7.2512054443359375,2.384296417236328,2.5,2.5,122.0
ffsp100,FFSP,search,FFSP100 ckpt @ FFSP100,100,7.0,7.86376953125,9.1300048828125,8.51007080078125,2.370958610636289,2.461768090724945,2.5,122.0
ffsp100,FFSP,search,FFSP100 ckpt @ FFSP100,100,8.0,9.16595458984375,10.226318359375,9.619903564453125,2.325645667750661,2.1595284938812256,2.5,123.0
ffsp100,FFSP,search,FFSP100 ckpt @ FFSP100,100,9.0,10.233795166015625,11.57427978515625,10.842575073242188,2.2377073139440817,1.9654014110565186,2.5,122.0
ffsp100,FFSP,search,FFSP100 ckpt @ FFSP100,100,10.0,11.5823974609375,12.973388671875,12.305023193359375,2.1445416749500836,1.8350534439086914,2.5,122.0
ffsp100,FFSP,search,FFSP100 ckpt @ FFSP100,100,11.0,12.97344970703125,14.563812255859375,13.775100708007812,2.127163101415165,1.7712346613407135,2.5,122.0
ffsp100,FFSP,search,FFSP100 ckpt @ FFSP100,100,12.0,14.58837890625,16.185791015625,15.244110107421875,2.0901024399734123,1.6735684275627136,2.5,123.0
ffsp100,FFSP,search,FFSP100 ckpt @ FFSP100,100,13.0,16.200439453125,17.801513671875,16.932281494140625,2.052940855260755,1.712831974029541,2.5,122.0
ffsp100,FFSP,search,FFSP100 ckpt @ FFSP100,100,14.0,17.80499267578125,19.6148681640625,18.6878662109375,1.9616691738855643,1.440664529800415,2.5,122.0
ffsp100,FFSP,search,FFSP100 ckpt @ FFSP100,100,15.0,19.617218017578125,21.49737548828125,20.599868774414062,2.034786171111904,1.674223244190216,2.5,122.0
ffsp100,FFSP,search,FFSP100 ckpt @ FFSP100,100,16.0,21.5001220703125,23.468353271484375,22.5089111328125,1.911496845687308,1.3203849792480469,2.5,123.0
ffsp100,FFSP,search,FFSP100 ckpt @ FFSP100,100,17.0,23.470184326171875,25.51116943359375,24.388504028320312,1.7932158337264765,1.256208896636963,2.5,122.0
ffsp100,FFSP,search,FFSP100 ckpt @ FFSP100,100,18.0,25.523773193359375,27.9755859375,26.601531982421875,1.7472947068878861,1.2337088584899902,2.5,122.0
ffsp100,FFSP,search,FFSP100 ckpt @ FFSP100,100,19.0,28.00750732421875,30.389404296875,29.111236572265625,1.7224995230065017,1.0852237343788147,2.5,122.0
ffsp100,FFSP,search,FFSP100 ckpt @ FFSP100,100,20.0,30.43115234375,34.047943115234375,32.1756591796875,1.6432544676268972,1.0870945453643799,2.421375036239624,123.0
ffsp100,FFSP,search,FFSP100 ckpt @ FFSP100,100,21.0,34.07342529296875,38.44488525390625,35.947509765625,1.5248876287311803,0.9479547888040543,2.0789610743522644,122.0
ffsp100,FFSP,search,FFSP100 ckpt @ FFSP100,100,22.0,38.5152587890625,44.68621826171875,41.09162902832031,1.433077948503807,0.8864295333623886,1.8972009122371674,122.0
ffsp100,FFSP,search,FFSP100 ckpt @ FFSP100,100,23.0,44.78155517578125,80.0106201171875,50.35260009765625,1.3113058919344491,0.8296489119529724,1.6522698402404785,123.0
ffsp100,FFSP,transfer,FFSP50 ckpt @ FFSP50,50,0.0,0.003753662109375,0.5440139770507812,0.3098907470703125,2.5,2.5,2.5,121.0
ffsp100,FFSP,transfer,FFSP50 ckpt @ FFSP50,50,1.0,0.55169677734375,1.1734619140625,0.867431640625,2.5,2.5,2.5,120.0
ffsp100,FFSP,transfer,FFSP50 ckpt @ FFSP50,50,2.0,1.1735458374023438,1.8590087890625,1.5100479125976562,2.498210273186366,2.5,2.5,120.0
ffsp100,FFSP,transfer,FFSP50 ckpt @ FFSP50,50,3.0,1.8701629638671875,2.3997116088867188,2.103504180908203,2.479142498970032,2.5,2.5,120.0
ffsp100,FFSP,transfer,FFSP50 ckpt @ FFSP50,50,4.0,2.4016647338867188,2.9497833251953125,2.6793212890625,2.4482105573018393,2.5,2.5,120.0
ffsp100,FFSP,transfer,FFSP50 ckpt @ FFSP50,50,5.0,2.9586181640625,3.5196456909179688,3.238849639892578,2.4158124377330146,2.5,2.5,120.0
ffsp100,FFSP,transfer,FFSP50 ckpt @ FFSP50,50,6.0,3.523193359375,4.189361572265625,3.8633804321289062,2.4040390928586324,2.5,2.5,120.0
ffsp100,FFSP,transfer,FFSP50 ckpt @ FFSP50,50,7.0,4.1927947998046875,4.813056945800781,4.5031280517578125,2.3209812492132187,2.3286773562431335,2.5,120.0
ffsp100,FFSP,transfer,FFSP50 ckpt @ FFSP50,50,8.0,4.819183349609375,5.554801940917969,5.246150970458984,2.2909300168355307,2.3305972814559937,2.5,120.0
ffsp100,FFSP,transfer,FFSP50 ckpt @ FFSP50,50,9.0,5.555213928222656,6.141441345214844,5.853363037109375,2.2582211226224898,2.0807013511657715,2.5,120.0
ffsp100,FFSP,transfer,FFSP50 ckpt @ FFSP50,50,10.0,6.144744873046875,6.830680847167969,6.502887725830078,2.140413170059522,1.773787796497345,2.5,120.0
ffsp100,FFSP,transfer,FFSP50 ckpt @ FFSP50,50,11.0,6.832893371582031,7.6252288818359375,7.2001800537109375,2.117617386082808,1.7416898608207703,2.5,120.0
ffsp100,FFSP,transfer,FFSP50 ckpt @ FFSP50,50,12.0,7.6257171630859375,8.375869750976562,7.964164733886719,2.081085749894134,1.6674244403839111,2.5,121.0
ffsp100,FFSP,transfer,FFSP50 ckpt @ FFSP50,50,13.0,8.384262084960938,9.235855102539062,8.821403503417969,1.9895668129126232,1.5456194579601288,2.5,120.0
ffsp100,FFSP,transfer,FFSP50 ckpt @ FFSP50,50,14.0,9.242446899414062,10.144805908203125,9.694927215576172,1.9307108004887898,1.3467089533805847,2.5,120.0
ffsp100,FFSP,transfer,FFSP50 ckpt @ FFSP50,50,15.0,10.155258178710938,10.930839538574219,10.564857482910156,1.806034289797147,1.2773771286010742,2.5,120.0
ffsp100,FFSP,transfer,FFSP50 ckpt @ FFSP50,50,16.0,10.933853149414062,12.028678894042969,11.49746322631836,1.8060233523448308,1.2554918825626373,2.5,120.0
ffsp100,FFSP,transfer,FFSP50 ckpt @ FFSP50,50,17.0,12.042198181152344,12.897979736328125,12.46868896484375,1.8274522478381792,1.2236940562725067,2.5,120.0
ffsp100,FFSP,transfer,FFSP50 ckpt @ FFSP50,50,18.0,12.903671264648438,14.134536743164062,13.561588287353516,1.8313308358192444,1.242614358663559,2.5,120.0
ffsp100,FFSP,transfer,FFSP50 ckpt @ FFSP50,50,19.0,14.141304016113281,15.517181396484375,14.803234100341797,1.7910439436634382,1.2686016857624054,2.425935447216034,120.0
ffsp100,FFSP,transfer,FFSP50 ckpt @ FFSP50,50,20.0,15.525802612304688,17.279823303222656,16.27719497680664,1.5732350985209147,1.0085593461990356,2.1181153655052185,120.0
ffsp100,FFSP,transfer,FFSP50 ckpt @ FFSP50,50,21.0,17.327911376953125,19.81316375732422,18.471309661865234,1.4787427415450414,0.9958101063966751,1.8897159099578857,120.0
ffsp100,FFSP,transfer,FFSP50 ckpt @ FFSP50,50,22.0,19.893211364746094,23.807266235351562,21.47589874267578,1.5043145110209784,0.9470203071832657,2.1459261178970337,120.0
ffsp100,FFSP,transfer,FFSP50 ckpt @ FFSP50,50,23.0,23.815338134765625,38.63568115234375,26.466262817382812,1.2654468894990023,0.7883424758911133,1.590592622756958,121.0
jssp10x10,JSSP,search,JSSP10x10 ckpt @ 10x10,10,0.0,0.00148773193359375,0.5825271606445312,0.28958892822265625,1.9243052503543023,0.9735704958438873,3.0,975.0
jssp10x10,JSSP,search,JSSP10x10 ckpt @ 10x10,10,1.0,0.5825881958007812,1.1660614013671875,0.86822509765625,1.8892916294473867,0.9162484705448151,3.0,975.0
jssp10x10,JSSP,search,JSSP10x10 ckpt @ 10x10,10,2.0,1.1663284301757812,1.7439956665039062,1.4535140991210938,1.9379223321492856,0.946207731962204,3.0,975.0
jssp10x10,JSSP,search,JSSP10x10 ckpt @ 10x10,10,3.0,1.745269775390625,2.3301925659179688,2.0437240600585938,1.8933546938828252,0.8410942256450653,3.0,974.0
jssp10x10,JSSP,search,JSSP10x10 ckpt @ 10x10,10,4.0,2.3305206298828125,2.8936996459960938,2.6130294799804688,1.9170774014332355,0.9376204311847687,3.0,975.0
jssp10x10,JSSP,search,JSSP10x10 ckpt @ 10x10,10,5.0,2.89385986328125,3.4876785278320312,3.17816162109375,1.9580344456587082,0.9500308930873871,3.0,975.0
jssp10x10,JSSP,search,JSSP10x10 ckpt @ 10x10,10,6.0,3.4894866943359375,4.0900421142578125,3.78631591796875,1.9180370452880737,0.9073144495487213,3.0,974.0
jssp10x10,JSSP,search,JSSP10x10 ckpt @ 10x10,10,7.0,4.090095520019531,4.717681884765625,4.400169372558594,1.9730043377173252,0.9462166726589203,3.0,975.0
jssp10x10,JSSP,search,JSSP10x10 ckpt @ 10x10,10,8.0,4.7181243896484375,5.3618621826171875,5.052978515625,1.9786076212311403,0.9518697261810303,3.0,975.0
jssp10x10,JSSP,search,JSSP10x10 ckpt @ 10x10,10,9.0,5.362068176269531,6.015129089355469,5.67620849609375,1.9271421020688155,0.9468445777893066,3.0,975.0
jssp10x10,JSSP,search,JSSP10x10 ckpt @ 10x10,10,10.0,6.015220642089844,6.66912841796875,6.336925506591797,1.9382160521309355,0.9612591713666916,3.0,974.0
jssp10x10,JSSP,search,JSSP10x10 ckpt @ 10x10,10,11.0,6.669319152832031,7.383270263671875,7.013389587402344,1.9372438015387607,0.9294064939022064,3.0,975.0
jssp10x10,JSSP,search,JSSP10x10 ckpt @ 10x10,10,12.0,7.3833770751953125,8.092605590820312,7.715324401855469,1.9513792976354942,0.9319810271263123,3.0,975.0
jssp10x10,JSSP,search,JSSP10x10 ckpt @ 10x10,10,13.0,8.09356689453125,8.856658935546875,8.479175567626953,1.916099543099959,0.8766355961561203,3.0,974.0
jssp10x10,JSSP,search,JSSP10x10 ckpt @ 10x10,10,14.0,8.857673645019531,9.682624816894531,9.264739990234375,1.9549663075116965,0.9339670240879059,3.0,975.0
jssp10x10,JSSP,search,JSSP10x10 ckpt @ 10x10,10,15.0,9.683135986328125,10.577377319335938,10.121315002441406,1.9693997475352043,0.9379803836345673,3.0,975.0
jssp10x10,JSSP,search,JSSP10x10 ckpt @ 10x10,10,16.0,10.578353881835938,11.511573791503906,11.03570556640625,1.9498258014596426,0.9847429096698761,3.0,975.0
jssp10x10,JSSP,search,JSSP10x10 ckpt @ 10x10,10,17.0,11.511711120605469,12.538032531738281,11.986865997314453,1.9698911227163471,0.9844852089881897,3.0,974.0
jssp10x10,JSSP,search,JSSP10x10 ckpt @ 10x10,10,18.0,12.53948974609375,13.756065368652344,13.159912109375,1.9872126127512026,1.004603922367096,3.0,975.0
jssp10x10,JSSP,search,JSSP10x10 ckpt @ 10x10,10,19.0,13.756401062011719,15.074386596679688,14.395828247070312,1.9018045180195418,0.8425082564353943,3.0,975.0
jssp10x10,JSSP,search,JSSP10x10 ckpt @ 10x10,10,20.0,15.074951171875,16.72136688232422,15.859134674072266,1.9727414414990365,0.9778417944908142,3.0,974.0
jssp10x10,JSSP,search,JSSP10x10 ckpt @ 10x10,10,21.0,16.725021362304688,18.87934112548828,17.6495361328125,2.000440504245269,1.0800522565841675,3.0,975.0
jssp10x10,JSSP,search,JSSP10x10 ckpt @ 10x10,10,22.0,18.888282775878906,22.28606414794922,20.383384704589844,1.958819257594072,0.9854326248168945,3.0,975.0
jssp10x10,JSSP,search,JSSP10x10 ckpt @ 10x10,10,23.0,22.28741455078125,41.53886413574219,25.0906982421875,2.0184093916492585,1.0678107142448425,3.0,975.0
jssp10x10,JSSP,transfer,JSSP15x15 ckpt @ 15x15,15,0.0,0.000701904296875,0.94281005859375,0.48004150390625,2.039228913229128,1.0331153273582458,3.0,1014.0
jssp10x10,JSSP,transfer,JSSP15x15 ckpt @ 15x15,15,1.0,0.943145751953125,1.859130859375,1.39129638671875,1.9988120194866532,1.0326521396636963,3.0,1013.0
jssp10x10,JSSP,transfer,JSSP15x15 ckpt @ 15x15,15,2.0,1.859710693359375,2.764007568359375,2.29034423828125,1.999726520334568,0.9748028516769409,3.0,1013.0
jssp10x10,JSSP,transfer,JSSP15x15 ckpt @ 15x15,15,3.0,2.764129638671875,3.664093017578125,3.20916748046875,1.9655056502761987,0.9293938875198364,3.0,1013.0
jssp10x10,JSSP,transfer,JSSP15x15 ckpt @ 15x15,15,4.0,3.666351318359375,4.6090087890625,4.141632080078125,2.072320366894269,1.0220680236816406,3.0,1013.0
jssp10x10,JSSP,transfer,JSSP15x15 ckpt @ 15x15,15,5.0,4.609893798828125,5.573028564453125,5.114410400390625,2.0190829566633006,1.011214017868042,3.0,1013.0
jssp10x10,JSSP,transfer,JSSP15x15 ckpt @ 15x15,15,6.0,5.5733642578125,6.580718994140625,6.0944061279296875,2.0064531687639757,0.9800196588039398,3.0,1014.0
jssp10x10,JSSP,transfer,JSSP15x15 ckpt @ 15x15,15,7.0,6.5838623046875,7.579620361328125,7.104522705078125,1.998465030017398,0.9525071382522583,3.0,1013.0
jssp10x10,JSSP,transfer,JSSP15x15 ckpt @ 15x15,15,8.0,7.579681396484375,8.601348876953125,8.102447509765625,2.0523434689917543,1.046471118927002,3.0,1013.0
jssp10x10,JSSP,transfer,JSSP15x15 ckpt @ 15x15,15,9.0,8.60272216796875,9.69635009765625,9.178497314453125,1.9880486365264283,1.037919044494629,3.0,1013.0
jssp10x10,JSSP,transfer,JSSP15x15 ckpt @ 15x15,15,10.0,9.6968994140625,10.795257568359375,10.255767822265625,1.999874597770205,0.9525129199028015,3.0,1013.0
jssp10x10,JSSP,transfer,JSSP15x15 ckpt @ 15x15,15,11.0,10.795745849609375,11.96160888671875,11.375213623046875,1.9907188290198723,1.0326522588729858,3.0,1013.0
jssp10x10,JSSP,transfer,JSSP15x15 ckpt @ 15x15,15,12.0,11.962493896484375,13.13165283203125,12.53594970703125,2.005562625384542,0.959594190120697,3.0,1014.0
jssp10x10,JSSP,transfer,JSSP15x15 ckpt @ 15x15,15,13.0,13.13323974609375,14.345001220703125,13.733856201171875,2.0320267832055614,1.0964207649230957,3.0,1013.0
jssp10x10,JSSP,transfer,JSSP15x15 ckpt @ 15x15,15,14.0,14.345062255859375,15.7294921875,15.009033203125,2.0083226126647182,0.9816023111343384,3.0,1013.0
jssp10x10,JSSP,transfer,JSSP15x15 ckpt @ 15x15,15,15.0,15.7320556640625,17.13629150390625,16.452789306640625,2.0059554486481246,1.0170769691467285,3.0,1013.0
jssp10x10,JSSP,transfer,JSSP15x15 ckpt @ 15x15,15,16.0,17.13885498046875,18.638336181640625,17.890289306640625,2.0644081453595087,1.0758863687515259,3.0,1013.0
jssp10x10,JSSP,transfer,JSSP15x15 ckpt @ 15x15,15,17.0,18.638519287109375,20.378021240234375,19.51385498046875,2.0450006787612782,1.1097458600997925,3.0,1013.0
jssp10x10,JSSP,transfer,JSSP15x15 ckpt @ 15x15,15,18.0,20.379730224609375,22.214263916015625,21.266845703125,2.050442645520971,1.0980538427829742,3.0,1014.0
jssp10x10,JSSP,transfer,JSSP15x15 ckpt @ 15x15,15,19.0,22.215728759765625,24.47314453125,23.305511474609375,2.0711026189284287,1.089558720588684,3.0,1013.0
jssp10x10,JSSP,transfer,JSSP15x15 ckpt @ 15x15,15,20.0,24.474822998046875,27.216400146484375,25.74774169921875,2.017414378919818,0.9859362840652466,3.0,1013.0
jssp10x10,JSSP,transfer,JSSP15x15 ckpt @ 15x15,15,21.0,27.217254638671875,30.934173583984375,28.999664306640625,2.0843577051915867,1.1387008428573608,3.0,1013.0
jssp10x10,JSSP,transfer,JSSP15x15 ckpt @ 15x15,15,22.0,30.94000244140625,36.970947265625,33.543304443359375,1.9929908702824806,0.9562153220176697,3.0,1013.0
jssp10x10,JSSP,transfer,JSSP15x15 ckpt @ 15x15,15,23.0,36.977142333984375,84.64877319335938,42.532318115234375,1.9773493625767367,0.9272610396146774,3.0,1014.0
