epoch,step,time/epoch (s),time/inter_step (ms),time/intra_step (ms),train/loss,train/pair_count,train/quality,train/reward,train/shape_j,train/shape_m,val/gap,val/makespan,val/reward
,49,,,1455.4390907287598,,,,,,,,,
,49,,2.2835731506347656,,,,,,,,,,
0,49,,,,0.7015752196311951,32479.0,1.2015453577041626,-2648.00048828125,15.0,15.0,,,
,99,,,1494.8062896728516,,,,,,,,,
,99,,11.853218078613281,,,,,,,,,,
0,99,,,,0.7027502655982971,32472.0,1.1746578216552734,-2615.000244140625,15.0,15.0,,,
,149,,,1485.889196395874,,,,,,,,,
,149,,5.457639694213867,,,,,,,,,,
0,149,,,,0.7034298181533813,32478.0,1.1896458864212036,-2514.999755859375,15.0,15.0,,,
,199,,,1474.7297763824463,,,,,,,,,
,199,,10.28132438659668,,,,,,,,,,
0,199,,,,0.6989932060241699,32477.0,1.17164945602417,-2713.0,15.0,15.0,,,
,249,,,1475.4412174224854,,,,,,,,,
,249,,2.058267593383789,,,,,,,,,,
0,249,,,,0.6995558738708496,32459.0,1.1744651794433594,-2580.999755859375,15.0,15.0,,,
,299,,,1486.5984916687012,,,,,,,,,
,299,,9.488821029663086,,,,,,,,,,
0,299,,,,0.6997295022010803,32458.0,1.1540050506591797,-2581.999755859375,15.0,15.0,,,
,349,,,1462.2974395751953,,,,,,,,,
,349,,4.909038543701172,,,,,,,,,,
0,349,,,,0.7005308270454407,32455.0,1.1588102579116821,-2601.999755859375,15.0,15.0,,,
,399,,,1453.3488750457764,,,,,,,,,
,399,,10.413885116577148,,,,,,,,,,
0,399,,,,0.7043641805648804,32473.0,1.1542527675628662,-2629.0,15.0,15.0,,,
,449,,,1505.5882930755615,,,,,,,,,
,449,,1.2526512145996094,,,,,,,,,,
0,449,,,,0.7067586183547974,32466.0,1.1505506038665771,-2659.000244140625,15.0,15.0,,,
,499,,,1542.9315567016602,,,,,,,,,
,499,,12.602806091308594,,,,,,,,,,
0,499,,,,0.6983464360237122,32466.0,1.1563711166381836,-2670.0,15.0,15.0,,,
,549,,,1470.1480865478516,,,,,,,,,
,549,,2.2363662719726562,,,,,,,,,,
0,549,,,,0.700465738773346,32460.0,1.1529202461242676,-2408.0,15.0,15.0,,,
,599,,,1466.4530754089355,,,,,,,,,
,599,,10.906457901000977,,,,,,,,,,
0,599,,,,0.6919167041778564,32457.0,1.1648777723312378,-2566.000244140625,15.0,15.0,,,
,649,,,1469.379186630249,,,,,,,,,
,649,,2.0818710327148438,,,,,,,,,,
0,649,,,,0.7033270597457886,32465.0,1.1738910675048828,-2522.000244140625,15.0,15.0,,,
,699,,,1469.576358795166,,,,,,,,,
,699,,18.570899963378906,,,,,,,,,,
0,699,,,,0.7012686133384705,32460.0,1.1735823154449463,-2657.0,15.0,15.0,,,
,749,,,1476.8846035003662,,,,,,,,,
,749,,2.1152496337890625,,,,,,,,,,
0,749,,,,0.6984416842460632,32444.0,1.1596217155456543,-2497.999755859375,15.0,15.0,,,
,799,,,1495.7633018493652,,,,,,,,,
,799,,17.98391342163086,,,,,,,,,,
0,799,,,,0.696196973323822,32461.0,1.14963960647583,-2516.0,15.0,15.0,,,
,849,,,1484.7209453582764,,,,,,,,,
,849,,1.0793209075927734,,,,,,,,,,
0,849,,,,0.6994732022285461,32451.0,1.1596155166625977,-2475.000244140625,15.0,15.0,,,
,899,,,1477.8480529785156,,,,,,,,,
,899,,14.495134353637695,,,,,,,,,,
0,899,,,,0.7018788456916809,32456.0,1.1591029167175293,-2578.00048828125,15.0,15.0,,,
,949,,,1478.5349369049072,,,,,,,,,
,949,,3.0443668365478516,,,,,,,,,,
0,949,,,,0.7024075984954834,32468.0,1.160489797592163,-2479.0,15.0,15.0,,,
,999,,,1464.7114276885986,,,,,,,,,
,999,,10.778188705444336,,,,,,,,,,
0,999,,,,0.7002438306808472,32477.0,1.1475269794464111,-2535.0,15.0,15.0,,,
,1049,,,1500.8549690246582,,,,,,,,,
,1049,,2.092123031616211,,,,,,,,,,
0,1049,,,,0.6973684430122375,32465.0,1.1562408208847046,-2541.999755859375,15.0,15.0,,,
,1099,,,1453.1826972961426,,,,,,,,,
,1099,,10.374069213867188,,,,,,,,,,
0,1099,,,,0.6919537782669067,32476.0,1.1441926956176758,-2595.999755859375,15.0,15.0,,,
,1149,,,1492.1553134918213,,,,,,,,,
,1149,,2.269744873046875,,,,,,,,,,
0,1149,,,,0.6968019008636475,32452.0,1.1389775276184082,-2558.999755859375,15.0,15.0,,,
,1199,,,1478.0635833740234,,,,,,,,,
,1199,,9.804010391235352,,,,,,,,,,
0,1199,,,,0.7065847516059875,32460.0,1.1500864028930664,-2468.999755859375,15.0,15.0,,,
,1249,,,1500.7615089416504,,,,,,,,,
,1249,,2.1440982818603516,,,,,,,,,,
0,1249,,,,0.7048470377922058,32473.0,1.1674365997314453,-2488.000244140625,15.0,15.0,,,
0,1249,,,,,,,,,,9.179638862609863,2670.989990234375,-2670.989990234375
,1250,1916.4028227329254,,,,,,,,,,,
,1299,,,1488.2287979125977,,,,,,,,,
,1299,,11.510372161865234,,,,,,,,,,
1,1299,,,,0.7006967663764954,32463.0,1.143315315246582,-2692.0,15.0,15.0,,,
,1349,,,1524.2090225219727,,,,,,,,,
,1349,,2.088785171508789,,,,,,,,,,
1,1349,,,,0.7057075500488281,32455.0,1.1562365293502808,-2511.0,15.0,15.0,,,
,1399,,,1468.275547027588,,,,,,,,,
,1399,,13.594388961791992,,,,,,,,,,
1,1399,,,,0.7001198530197144,32469.0,1.153566598892212,-2434.0,15.0,15.0,,,
,1449,,,1495.2328205108643,,,,,,,,,
,1449,,1.9674301147460938,,,,,,,,,,
1,1449,,,,0.692879319190979,32450.0,1.1432240009307861,-2543.000244140625,15.0,15.0,,,
,1499,,,1470.1409339904785,,,,,,,,,
,1499,,10.709762573242188,,,,,,,,,,
1,1499,,,,0.7079631686210632,32460.0,1.161189317703247,-2615.0,15.0,15.0,,,
,1549,,,1462.5904560089111,,,,,,,,,
,1549,,2.11334228515625,,,,,,,,,,
1,1549,,,,0.7000197172164917,32459.0,1.154449224472046,-2465.000244140625,15.0,15.0,,,
,1599,,,1454.7579288482666,,,,,,,,,
,1599,,10.71929931640625,,,,,,,,,,
1,1599,,,,0.6959153413772583,32473.0,1.1601262092590332,-2565.000244140625,15.0,15.0,,,
,1649,,,1564.2449855804443,,,,,,,,,
,1649,,1.247406005859375,,,,,,,,,,
1,1649,,,,0.6945590376853943,32459.0,1.136136531829834,-2532.000244140625,15.0,15.0,,,
,1699,,,1493.5390949249268,,,,,,,,,
,1699,,10.465621948242188,,,,,,,,,,
1,1699,,,,0.7016485929489136,32458.0,1.174053430557251,-2579.0,15.0,15.0,,,
,1749,,,1464.51735496521,,,,,,,,,
,1749,,1.9173622131347656,,,,,,,,,,
1,1749,,,,0.6988312602043152,32460.0,1.1468839645385742,-2594.0,15.0,15.0,,,
,1799,,,1458.5473537445068,,,,,,,,,
,1799,,10.203123092651367,,,,,,,,,,
1,1799,,,,0.7005020380020142,32476.0,1.1740868091583252,-2566.000244140625,15.0,15.0,,,
,1849,,,1486.7169857025146,,,,,,,,,
,1849,,2.0711421966552734,,,,,,,,,,
1,1849,,,,0.6961727738380432,32472.0,1.146843671798706,-2507.000244140625,15.0,15.0,,,
,1899,,,1458.1687450408936,,,,,,,,,
,1899,,10.877847671508789,,,,,,,,,,
1,1899,,,,0.6975136399269104,32459.0,1.1421359777450562,-2496.0,15.0,15.0,,,
,1949,,,1486.3128662109375,,,,,,,,,
,1949,,2.0296573638916016,,,,,,,,,,
1,1949,,,,0.6977040767669678,32473.0,1.1573816537857056,-2662.000244140625,15.0,15.0,,,
,1999,,,1486.5996837615967,,,,,,,,,
,1999,,10.394811630249023,,,,,,,,,,
1,1999,,,,0.7038772702217102,32474.0,1.170318841934204,-2624.999755859375,15.0,15.0,,,
,2049,,,1563.0388259887695,,,,,,,,,
,2049,,2.010822296142578,,,,,,,,,,
1,2049,,,,0.6980109214782715,32461.0,1.1778632402420044,-2613.999755859375,15.0,15.0,,,
,2099,,,1489.6817207336426,,,,,,,,,
,2099,,11.148691177368164,,,,,,,,,,
1,2099,,,,0.6974592804908752,32465.0,1.1782021522521973,-2548.0,15.0,15.0,,,
,2149,,,1520.3142166137695,,,,,,,,,
,2149,,3.4780502319335938,,,,,,,,,,
1,2149,,,,0.6969873905181885,32453.0,1.1650781631469727,-2457.0,15.0,15.0,,,
,2199,,,1575.8118629455566,,,,,,,,,
,2199,,10.945796966552734,,,,,,,,,,
1,2199,,,,0.6952487230300903,32464.0,1.164057731628418,-2442.0,15.0,15.0,,,
,2249,,,1568.4621334075928,,,,,,,,,
,2249,,2.0983219146728516,,,,,,,,,,
1,2249,,,,0.7088593244552612,32472.0,1.1724932193756104,-2316.0,15.0,15.0,,,
,2299,,,1486.2027168273926,,,,,,,,,
,2299,,11.161327362060547,,,,,,,,,,
1,2299,,,,0.7063326835632324,32445.0,1.1585686206817627,-2597.0,15.0,15.0,,,
,2349,,,1483.828067779541,,,,,,,,,
,2349,,4.163026809692383,,,,,,,,,,
1,2349,,,,0.6978337168693542,32462.0,1.155768632888794,-2493.000244140625,15.0,15.0,,,
,2399,,,1482.996940612793,,,,,,,,,
,2399,,11.976242065429688,,,,,,,,,,
1,2399,,,,0.694454550743103,32476.0,1.1546318531036377,-2598.0,15.0,15.0,,,
,2449,,,1480.116367340088,,,,,,,,,
,2449,,2.026081085205078,,,,,,,,,,
1,2449,,,,0.696874737739563,32467.0,1.1703298091888428,-2493.000244140625,15.0,15.0,,,
,2499,,,1461.5418910980225,,,,,,,,,
,2499,,10.81705093383789,,,,,,,,,,
1,2499,,,,0.7078182101249695,32464.0,1.1783849000930786,-2649.999755859375,15.0,15.0,,,
1,2499,,,,,,,,,,8.744994163513184,2660.429931640625,-2660.429931640625
,2500,1929.1430914402008,,,,,,,,,,,
,2549,,,1479.1746139526367,,,,,,,,,
,2549,,5.469083786010742,,,,,,,,,,
2,2549,,,,0.6974316835403442,32453.0,1.150712251663208,-2416.0,15.0,15.0,,,
,2599,,,1468.5173034667969,,,,,,,,,
,2599,,9.546041488647461,,,,,,,,,,
2,2599,,,,0.6953306794166565,32474.0,1.1609077453613281,-2454.0,15.0,15.0,,,
,2649,,,1487.1704578399658,,,,,,,,,
,2649,,2.9823780059814453,,,,,,,,,,
2,2649,,,,0.7010906338691711,32452.0,1.152756690979004,-2562.999755859375,15.0,15.0,,,
,2699,,,1468.153715133667,,,,,,,,,
,2699,,9.345769882202148,,,,,,,,,,
2,2699,,,,0.7041783928871155,32461.0,1.140573501586914,-2345.999755859375,15.0,15.0,,,
,2749,,,1485.5434894561768,,,,,,,,,
,2749,,1.0175704956054688,,,,,,,,,,
2,2749,,,,0.6986314058303833,32457.0,1.1580734252929688,-2579.000244140625,15.0,15.0,,,
,2799,,,1461.160659790039,,,,,,,,,
,2799,,9.712934494018555,,,,,,,,,,
2,2799,,,,0.6973609328269958,32468.0,1.1836254596710205,-2529.0,15.0,15.0,,,
,2849,,,1459.3513011932373,,,,,,,,,
,2849,,5.526542663574219,,,,,,,,,,
2,2849,,,,0.6952869892120361,32459.0,1.1589372158050537,-2621.999755859375,15.0,15.0,,,
,2899,,,1458.7068557739258,,,,,,,,,
,2899,,16.902446746826172,,,,,,,,,,
2,2899,,,,0.6930940747261047,32459.0,1.163682460784912,-2551.0,15.0,15.0,,,
,2949,,,1474.6043682098389,,,,,,,,,
,2949,,3.275632858276367,,,,,,,,,,
2,2949,,,,0.7083730101585388,32456.0,1.1518220901489258,-2459.999755859375,15.0,15.0,,,
,2999,,,1474.4863510131836,,,,,,,,,
,2999,,10.949373245239258,,,,,,,,,,
2,2999,,,,0.7040156722068787,32467.0,1.1773936748504639,-2416.000244140625,15.0,15.0,,,
,3049,,,1465.3420448303223,,,,,,,,,
,3049,,0.8988380432128906,,,,,,,,,,
2,3049,,,,0.6996633410453796,32474.0,1.1515353918075562,-2576.999755859375,15.0,15.0,,,
,3099,,,1460.8521461486816,,,,,,,,,
,3099,,10.596513748168945,,,,,,,,,,
2,3099,,,,0.6955788731575012,32470.0,1.1458516120910645,-2636.000244140625,15.0,15.0,,,
,3149,,,1489.6204471588135,,,,,,,,,
,3149,,1.9359588623046875,,,,,,,,,,
2,3149,,,,0.7002016305923462,32456.0,1.1588430404663086,-2414.999755859375,15.0,15.0,,,
,3199,,,1728.6064624786377,,,,,,,,,
,3199,,15.594244003295898,,,,,,,,,,
2,3199,,,,0.6982478499412537,32464.0,1.1414775848388672,-2440.0,15.0,15.0,,,
,3249,,,1462.355375289917,,,,,,,,,
,3249,,0.9350776672363281,,,,,,,,,,
2,3249,,,,0.6952188611030579,32465.0,1.160385251045227,-2636.000244140625,15.0,15.0,,,
,3299,,,1488.3394241333008,,,,,,,,,
,3299,,18.72706413269043,,,,,,,,,,
2,3299,,,,0.6970629096031189,32450.0,1.1611919403076172,-2543.0,15.0,15.0,,,
,3349,,,1472.0630645751953,,,,,,,,,
,3349,,0.9212493896484375,,,,,,,,,,
2,3349,,,,0.6993550658226013,32474.0,1.16798734664917,-2622.999755859375,15.0,15.0,,,
,3399,,,1470.0465202331543,,,,,,,,,
,3399,,10.365962982177734,,,,,,,,,,
2,3399,,,,0.7006093263626099,32469.0,1.1503875255584717,-2450.999755859375,15.0,15.0,,,
,3449,,,1466.0415649414062,,,,,,,,,
,3449,,5.353450775146484,,,,,,,,,,
2,3449,,,,0.6996954083442688,32472.0,1.1501431465148926,-2515.0,15.0,15.0,,,
,3499,,,1452.7366161346436,,,,,,,,,
,3499,,9.188652038574219,,,,,,,,,,
2,3499,,,,0.6996785998344421,32459.0,1.1581082344055176,-2603.00048828125,15.0,15.0,,,
,3549,,,1477.2212505340576,,,,,,,,,
,3549,,2.756834030151367,,,,,,,,,,
2,3549,,,,0.6979449987411499,32465.0,1.1645357608795166,-2552.000244140625,15.0,15.0,,,
,3599,,,1453.9673328399658,,,,,,,,,
,3599,,9.248971939086914,,,,,,,,,,
2,3599,,,,0.7070661187171936,32458.0,1.1562168598175049,-2433.0,15.0,15.0,,,
,3649,,,1460.9529972076416,,,,,,,,,
,3649,,1.9397735595703125,,,,,,,,,,
2,3649,,,,0.6990330219268799,32463.0,1.1704628467559814,-2538.999755859375,15.0,15.0,,,
,3699,,,1463.4675979614258,,,,,,,,,
,3699,,10.826587677001953,,,,,,,,,,
2,3699,,,,0.6998444199562073,32464.0,1.159404993057251,-2472.999755859375,15.0,15.0,,,
,3749,,,1454.4193744659424,,,,,,,,,
,3749,,1.9614696502685547,,,,,,,,,,
2,3749,,,,0.7007757425308228,32459.0,1.173717737197876,-2474.000244140625,15.0,15.0,,,
2,3749,,,,,,,,,,8.550735473632812,2655.570068359375,-2655.570068359375
,3750,1896.5266263484955,,,,,,,,,,,
,3799,,,1506.7310333251953,,,,,,,,,
,3799,,10.615110397338867,,,,,,,,,,
3,3799,,,,0.7045407295227051,32464.0,1.1636323928833008,-2392.0,15.0,15.0,,,
,3849,,,1489.983081817627,,,,,,,,,
,3849,,3.489255905151367,,,,,,,,,,
3,3849,,,,0.6973557472229004,32460.0,1.1439911127090454,-2738.0,15.0,15.0,,,
,3899,,,1477.3585796356201,,,,,,,,,
,3899,,10.832071304321289,,,,,,,,,,
3,3899,,,,0.695953369140625,32467.0,1.1850496530532837,-2513.999755859375,15.0,15.0,,,
,3949,,,1470.0005054473877,,,,,,,,,
,3949,,2.018451690673828,,,,,,,,,,
3,3949,,,,0.69534832239151,32469.0,1.1756240129470825,-2595.0,15.0,15.0,,,
,3999,,,1474.6904373168945,,,,,,,,,
,3999,,10.322332382202148,,,,,,,,,,
3,3999,,,,0.6909902095794678,32449.0,1.1350655555725098,-2388.999755859375,15.0,15.0,,,
,4049,,,1474.1535186767578,,,,,,,,,
,4049,,2.067089080810547,,,,,,,,,,
3,4049,,,,0.7003967761993408,32467.0,1.1505961418151855,-2492.0,15.0,15.0,,,
,4099,,,1477.4892330169678,,,,,,,,,
,4099,,17.354726791381836,,,,,,,,,,
3,4099,,,,0.7013832330703735,32461.0,1.1712028980255127,-2376.000244140625,15.0,15.0,,,
,4149,,,1466.956615447998,,,,,,,,,
,4149,,1.955270767211914,,,,,,,,,,
3,4149,,,,0.7003065943717957,32451.0,1.1657581329345703,-2516.0,15.0,15.0,,,
,4199,,,1482.2845458984375,,,,,,,,,
,4199,,10.823965072631836,,,,,,,,,,
3,4199,,,,0.700706422328949,32460.0,1.1362791061401367,-2515.000244140625,15.0,15.0,,,
,4249,,,1480.372428894043,,,,,,,,,
,4249,,1.9886493682861328,,,,,,,,,,
3,4249,,,,0.6993156671524048,32466.0,1.1614562273025513,-2413.0,15.0,15.0,,,
,4299,,,1471.9116687774658,,,,,,,,,
,4299,,10.254621505737305,,,,,,,,,,
3,4299,,,,0.6997640132904053,32467.0,1.1607003211975098,-2477.0,15.0,15.0,,,
,4349,,,1488.111972808838,,,,,,,,,
,4349,,1.9826889038085938,,,,,,,,,,
3,4349,,,,0.6910792589187622,32458.0,1.16288423538208,-2629.999755859375,15.0,15.0,,,
,4399,,,1707.7691555023193,,,,,,,,,
,4399,,10.417699813842773,,,,,,,,,,
3,4399,,,,0.6969153881072998,32463.0,1.167081356048584,-2479.0,15.0,15.0,,,
,4449,,,1471.5871810913086,,,,,,,,,
,4449,,1.9962787628173828,,,,,,,,,,
3,4449,,,,0.6944610476493835,32478.0,1.1689509153366089,-2501.0,15.0,15.0,,,
,4499,,,1480.0264835357666,,,,,,,,,
,4499,,11.026859283447266,,,,,,,,,,
3,4499,,,,0.6868489980697632,32453.0,1.1602447032928467,-2556.0,15.0,15.0,,,
,4549,,,1471.9152450561523,,,,,,,,,
,4549,,2.1369457244873047,,,,,,,,,,
3,4549,,,,0.6954547762870789,32472.0,1.1560943126678467,-2440.999755859375,15.0,15.0,,,
,4599,,,1472.306728363037,,,,,,,,,
,4599,,10.495662689208984,,,,,,,,,,
3,4599,,,,0.7044231295585632,32458.0,1.1614620685577393,-2476.999755859375,15.0,15.0,,,
,4649,,,1480.4677963256836,,,,,,,,,
,4649,,1.950979232788086,,,,,,,,,,
3,4649,,,,0.693546712398529,32460.0,1.1560406684875488,-2539.000244140625,15.0,15.0,,,
,4699,,,1475.8000373840332,,,,,,,,,
,4699,,10.903358459472656,,,,,,,,,,
3,4699,,,,0.7004172801971436,32450.0,1.1796700954437256,-2440.0,15.0,15.0,,,
,4749,,,1473.4878540039062,,,,,,,,,
,4749,,2.001047134399414,,,,,,,,,,
3,4749,,,,0.7036074995994568,32466.0,1.1610991954803467,-2490.00048828125,15.0,15.0,,,
,4799,,,1479.6748161315918,,,,,,,,,
,4799,,10.549306869506836,,,,,,,,,,
3,4799,,,,0.7038509249687195,32472.0,1.149234652519226,-2524.0,15.0,15.0,,,
,4849,,,1500.7588863372803,,,,,,,,,
,4849,,2.031087875366211,,,,,,,,,,
3,4849,,,,0.6995375156402588,32451.0,1.1502306461334229,-2595.000244140625,15.0,15.0,,,
,4899,,,1480.0770282745361,,,,,,,,,
,4899,,12.13216781616211,,,,,,,,,,
3,4899,,,,0.6989468336105347,32464.0,1.1601039171218872,-2504.0,15.0,15.0,,,
,4949,,,1472.0115661621094,,,,,,,,,
,4949,,1.9631385803222656,,,,,,,,,,
3,4949,,,,0.6953994631767273,32465.0,1.1372169256210327,-2609.0,15.0,15.0,,,
,4999,,,1469.9680805206299,,,,,,,,,
,4999,,10.96343994140625,,,,,,,,,,
3,4999,,,,0.7044469118118286,32465.0,1.1601492166519165,-2492.000244140625,15.0,15.0,,,
3,4999,,,,,,,,,,8.037932395935059,2643.0400390625,-2643.0400390625
,5000,1915.582023382187,,,,,,,,,,,
,5049,,,1477.3869514465332,,,,,,,,,
,5049,,4.192590713500977,,,,,,,,,,
4,5049,,,,0.7016485929489136,32470.0,1.1518325805664062,-2584.999755859375,15.0,15.0,,,
,5099,,,1490.6530380249023,,,,,,,,,
,5099,,10.96796989440918,,,,,,,,,,
4,5099,,,,0.7031753063201904,32467.0,1.1630988121032715,-2564.99951171875,15.0,15.0,,,
,5149,,,1475.38161277771,,,,,,,,,
,5149,,1.977682113647461,,,,,,,,,,
4,5149,,,,0.7032061815261841,32481.0,1.158313274383545,-2378.000244140625,15.0,15.0,,,
,5199,,,1473.3707904815674,,,,,,,,,
,5199,,18.735170364379883,,,,,,,,,,
4,5199,,,,0.7028850317001343,32449.0,1.150113582611084,-2490.0,15.0,15.0,,,
,5249,,,1499.6449947357178,,,,,,,,,
,5249,,2.1190643310546875,,,,,,,,,,
4,5249,,,,0.701667308807373,32449.0,1.1686707735061646,-2545.999755859375,15.0,15.0,,,
,5299,,,1473.8528728485107,,,,,,,,,
,5299,,10.950803756713867,,,,,,,,,,
4,5299,,,,0.6993116736412048,32464.0,1.1598460674285889,-2479.000244140625,15.0,15.0,,,
