epoch,step,time/epoch (s),time/inter_step (ms),time/intra_step (ms),train/loss,train/pair_count,train/quality,train/reward,train/shape_j,train/shape_m,val/gap,val/makespan,val/reward
,49,,,1455.4390907287598,,,,,,,,,
,49,,2.2835731506347656,,,,,,,,,,
0,49,,,,0.7015752196311951,32479.0,1.2015453577041626,-2648.00048828125,15.0,15.0,,,
,99,,,1494.8062896728516,,,,,,,,,
,99,,11.853218078613281,,,,,,,,,,
0,99,,,,0.7027502655982971,32472.0,1.1746578216552734,-2615.000244140625,15.0,15.0,,,
,149,,,1485.889196395874,,,,,,,,,
,149,,5.457639694213867,,,,,,,,,,
0,149,,,,0.7034298181533813,32478.0,1.1896458864212036,-2514.999755859375,15.0,15.0,,,
,199,,,1474.7297763824463,,,,,,,,,
,199,,10.28132438659668,,,,,,,,,,
0,199,,,,0.6989932060241699,32477.0,1.17164945602417,-2713.0,15.0,15.0,,,
,249,,,1475.4412174224854,,,,,,,,,
,249,,2.058267593383789,,,,,,,,,,
0,249,,,,0.6995558738708496,32459.0,1.1744651794433594,-2580.999755859375,15.0,15.0,,,
,299,,,1486.5984916687012,,,,,,,,,
,299,,9.488821029663086,,,,,,,,,,
0,299,,,,0.6997295022010803,32458.0,1.1540050506591797,-2581.999755859375,15.0,15.0,,,
,349,,,1462.2974395751953,,,,,,,,,
,349,,4.909038543701172,,,,,,,,,,
0,349,,,,0.7005308270454407,32455.0,1.1588102579116821,-2601.999755859375,15.0,15.0,,,
,399,,,1453.3488750457764,,,,,,,,,
,399,,10.413885116577148,,,,,,,,,,
0,399,,,,0.7043641805648804,32473.0,1.1542527675628662,-2629.0,15.0,15.0,,,
,449,,,1505.5882930755615,,,,,,,,,
,449,,1.2526512145996094,,,,,,,,,,
0,449,,,,0.7067586183547974,32466.0,1.1505506038665771,-2659.000244140625,15.0,15.0,,,
,499,,,1542.9315567016602,,,,,,,,,
,499,,12.602806091308594,,,,,,,,,,
0,499,,,,0.6983464360237122,32466.0,1.1563711166381836,-2670.0,15.0,15.0,,,
,549,,,1470.1480865478516,,,,,,,,,
,549,,2.2363662719726562,,,,,,,,,,
0,549,,,,0.700465738773346,32460.0,1.1529202461242676,-2408.0,15.0,15.0,,,
,599,,,1466.4530754089355,,,,,,,,,
,599,,10.906457901000977,,,,,,,,,,
0,599,,,,0.6919167041778564,32457.0,1.1648777723312378,-2566.000244140625,15.0,15.0,,,
,649,,,1469.379186630249,,,,,,,,,
,649,,2.0818710327148438,,,,,,,,,,
0,649,,,,0.7033270597457886,32465.0,1.1738910675048828,-2522.000244140625,15.0,15.0,,,
,699,,,1469.576358795166,,,,,,,,,
,699,,18.570899963378906,,,,,,,,,,
0,699,,,,0.7012686133384705,32460.0,1.1735823154449463,-2657.0,15.0,15.0,,,
,749,,,1476.8846035003662,,,,,,,,,
,749,,2.1152496337890625,,,,,,,,,,
0,749,,,,0.6984416842460632,32444.0,1.1596217155456543,-2497.999755859375,15.0,15.0,,,
,799,,,1495.7633018493652,,,,,,,,,
,799,,17.98391342163086,,,,,,,,,,
0,799,,,,0.696196973323822,32461.0,1.14963960647583,-2516.0,15.0,15.0,,,
,849,,,1484.7209453582764,,,,,,,,,
,849,,1.0793209075927734,,,,,,,,,,
0,849,,,,0.6994732022285461,32451.0,1.1596155166625977,-2475.000244140625,15.0,15.0,,,
,899,,,1477.8480529785156,,,,,,,,,
,899,,14.495134353637695,,,,,,,,,,
0,899,,,,0.7018788456916809,32456.0,1.1591029167175293,-2578.00048828125,15.0,15.0,,,
,949,,,1478.5349369049072,,,,,,,,,
,949,,3.0443668365478516,,,,,,,,,,
0,949,,,,0.7024075984954834,32468.0,1.160489797592163,-2479.0,15.0,15.0,,,
,999,,,1464.7114276885986,,,,,,,,,
,999,,10.778188705444336,,,,,,,,,,
0,999,,,,0.7002438306808472,32477.0,1.1475269794464111,-2535.0,15.0,15.0,,,
,1049,,,1500.8549690246582,,,,,,,,,
,1049,,2.092123031616211,,,,,,,,,,
0,1049,,,,0.6973684430122375,32465.0,1.1562408208847046,-2541.999755859375,15.0,15.0,,,
,1099,,,1453.1826972961426,,,,,,,,,
,1099,,10.374069213867188,,,,,,,,,,
0,1099,,,,0.6919537782669067,32476.0,1.1441926956176758,-2595.999755859375,15.0,15.0,,,
,1149,,,1492.1553134918213,,,,,,,,,
,1149,,2.269744873046875,,,,,,,,,,
0,1149,,,,0.6968019008636475,32452.0,1.1389775276184082,-2558.999755859375,15.0,15.0,,,
,1199,,,1478.0635833740234,,,,,,,,,
,1199,,9.804010391235352,,,,,,,,,,
0,1199,,,,0.7065847516059875,32460.0,1.1500864028930664,-2468.999755859375,15.0,15.0,,,
,1249,,,1500.7615089416504,,,,,,,,,
,1249,,2.1440982818603516,,,,,,,,,,
0,1249,,,,0.7048470377922058,32473.0,1.1674365997314453,-2488.000244140625,15.0,15.0,,,
0,1249,,,,,,,,,,9.179638862609863,2670.989990234375,-2670.989990234375
,1250,1916.4028227329254,,,,,,,,,,,
,1299,,,1488.2287979125977,,,,,,,,,
,1299,,11.510372161865234,,,,,,,,,,
1,1299,,,,0.7006967663764954,32463.0,1.143315315246582,-2692.0,15.0,15.0,,,
,1349,,,1524.2090225219727,,,,,,,,,
,1349,,2.088785171508789,,,,,,,,,,
1,1349,,,,0.7057075500488281,32455.0,1.1562365293502808,-2511.0,15.0,15.0,,,
,1399,,,1468.275547027588,,,,,,,,,
,1399,,13.594388961791992,,,,,,,,,,
1,1399,,,,0.7001198530197144,32469.0,1.153566598892212,-2434.0,15.0,15.0,,,
,1449,,,1495.2328205108643,,,,,,,,,
,1449,,1.9674301147460938,,,,,,,,,,
1,1449,,,,0.692879319190979,32450.0,1.1432240009307861,-2543.000244140625,15.0,15.0,,,
,1499,,,1470.1409339904785,,,,,,,,,
,1499,,10.709762573242188,,,,,,,,,,
1,1499,,,,0.7079631686210632,32460.0,1.161189317703247,-2615.0,15.0,15.0,,,
,1549,,,1462.5904560089111,,,,,,,,,
,1549,,2.11334228515625,,,,,,,,,,
1,1549,,,,0.7000197172164917,32459.0,1.154449224472046,-2465.000244140625,15.0,15.0,,,
,1599,,,1454.7579288482666,,,,,,,,,
,1599,,10.71929931640625,,,,,,,,,,
1,1599,,,,0.6959153413772583,32473.0,1.1601262092590332,-2565.000244140625,15.0,15.0,,,
,1649,,,1564.2449855804443,,,,,,,,,
,1649,,1.247406005859375,,,,,,,,,,
1,1649,,,,0.6945590376853943,32459.0,1.136136531829834,-2532.000244140625,15.0,15.0,,,
,1699,,,1493.5390949249268,,,,,,,,,
,1699,,10.465621948242188,,,,,,,,,,
1,1699,,,,0.7016485929489136,32458.0,1.174053430557251,-2579.0,15.0,15.0,,,
,1749,,,1464.51735496521,,,,,,,,,
,1749,,1.9173622131347656,,,,,,,,,,
1,1749,,,,0.6988312602043152,32460.0,1.1468839645385742,-2594.0,15.0,15.0,,,
,1799,,,1458.5473537445068,,,,,,,,,
,1799,,10.203123092651367,,,,,,,,,,
1,1799,,,,0.7005020380020142,32476.0,1.1740868091583252,-2566.000244140625,15.0,15.0,,,
,1849,,,1486.7169857025146,,,,,,,,,
,1849,,2.0711421966552734,,,,,,,,,,
1,1849,,,,0.6961727738380432,32472.0,1.146843671798706,-2507.000244140625,15.0,15.0,,,
,1899,,,1458.1687450408936,,,,,,,,,
,1899,,10.877847671508789,,,,,,,,,,
1,1899,,,,0.6975136399269104,32459.0,1.1421359777450562,-2496.0,15.0,15.0,,,
,1949,,,1486.3128662109375,,,,,,,,,
,1949,,2.0296573638916016,,,,,,,,,,
1,1949,,,,0.6977040767669678,32473.0,1.1573816537857056,-2662.000244140625,15.0,15.0,,,
,1999,,,1486.5996837615967,,,,,,,,,
,1999,,10.394811630249023,,,,,,,,,,
1,1999,,,,0.7038772702217102,32474.0,1.170318841934204,-2624.999755859375,15.0,15.0,,,
,2049,,,1563.0388259887695,,,,,,,,,
,2049,,2.010822296142578,,,,,,,,,,
1,2049,,,,0.6980109214782715,32461.0,1.1778632402420044,-2613.999755859375,15.0,15.0,,,
,2099,,,1489.6817207336426,,,,,,,,,
,2099,,11.148691177368164,,,,,,,,,,
1,2099,,,,0.6974592804908752,32465.0,1.1782021522521973,-2548.0,15.0,15.0,,,
,2149,,,1520.3142166137695,,,,,,,,,
,2149,,3.4780502319335938,,,,,,,,,,
1,2149,,,,0.6969873905181885,32453.0,1.1650781631469727,-2457.0,15.0,15.0,,,
,2199,,,1575.8118629455566,,,,,,,,,
,2199,,10.945796966552734,,,,,,,,,,
1,2199,,,,0.6952487230300903,32464.0,1.164057731628418,-2442.0,15.0,15.0,,,
,2249,,,1568.4621334075928,,,,,,,,,
,2249,,2.0983219146728516,,,,,,,,,,
1,2249,,,,0.7088593244552612,32472.0,1.1724932193756104,-2316.0,15.0,15.0,,,
,2299,,,1486.2027168273926,,,,,,,,,
,2299,,11.161327362060547,,,,,,,,,,
1,2299,,,,0.7063326835632324,32445.0,1.1585686206817627,-2597.0,15.0,15.0,,,
,2349,,,1483.828067779541,,,,,,,,,
,2349,,4.163026809692383,,,,,,,,,,
1,2349,,,,0.6978337168693542,32462.0,1.155768632888794,-2493.000244140625,15.0,15.0,,,
,2399,,,1482.996940612793,,,,,,,,,
,2399,,11.976242065429688,,,,,,,,,,
1,2399,,,,0.694454550743103,32476.0,1.1546318531036377,-2598.0,15.0,15.0,,,
,2449,,,1480.116367340088,,,,,,,,,
,2449,,2.026081085205078,,,,,,,,,,
1,2449,,,,0.696874737739563,32467.0,1.1703298091888428,-2493.000244140625,15.0,15.0,,,
,2499,,,1461.5418910980225,,,,,,,,,
,2499,,10.81705093383789,,,,,,,,,,
1,2499,,,,0.7078182101249695,32464.0,1.1783849000930786,-2649.999755859375,15.0,15.0,,,
1,2499,,,,,,,,,,8.744994163513184,2660.429931640625,-2660.429931640625
,2500,1929.1430914402008,,,,,,,,,,,
,2549,,,1479.1746139526367,,,,,,,,,
,2549,,5.469083786010742,,,,,,,,,,
2,2549,,,,0.6974316835403442,32453.0,1.150712251663208,-2416.0,15.0,15.0,,,
,2599,,,1468.5173034667969,,,,,,,,,
,2599,,9.546041488647461,,,,,,,,,,
2,2599,,,,0.6953306794166565,32474.0,1.1609077453613281,-2454.0,15.0,15.0,,,
,2649,,,1487.1704578399658,,,,,,,,,
,2649,,2.9823780059814453,,,,,,,,,,
2,2649,,,,0.7010906338691711,32452.0,1.152756690979004,-2562.999755859375,15.0,15.0,,,
,2699,,,1468.153715133667,,,,,,,,,
,2699,,9.345769882202148,,,,,,,,,,
2,2699,,,,0.7041783928871155,32461.0,1.140573501586914,-2345.999755859375,15.0,15.0,,,
,2749,,,1485.5434894561768,,,,,,,,,
,2749,,1.0175704956054688,,,,,,,,,,
2,2749,,,,0.6986314058303833,32457.0,1.1580734252929688,-2579.000244140625,15.0,15.0,,,
,2799,,,1461.160659790039,,,,,,,,,
,2799,,9.712934494018555,,,,,,,,,,
2,2799,,,,0.6973609328269958,32468.0,1.1836254596710205,-2529.0,15.0,15.0,,,
,2849,,,1459.3513011932373,,,,,,,,,
,2849,,5.526542663574219,,,,,,,,,,
2,2849,,,,0.6952869892120361,32459.0,1.1589372158050537,-2621.999755859375,15.0,15.0,,,
,2899,,,1458.7068557739258,,,,,,,,,
,2899,,16.902446746826172,,,,,,,,,,
2,2899,,,,0.6930940747261047,32459.0,1.163682460784912,-2551.0,15.0,15.0,,,
,2949,,,1474.6043682098389,,,,,,,,,
,2949,,3.275632858276367,,,,,,,,,,
2,2949,,,,0.7083730101585388,32456.0,1.1518220901489258,-2459.999755859375,15.0,15.0,,,
,2999,,,1474.4863510131836,,,,,,,,,
,2999,,10.949373245239258,,,,,,,,,,
2,2999,,,,0.7040156722068787,32467.0,1.1773936748504639,-2416.000244140625,15.0,15.0,,,
,3049,,,1465.3420448303223,,,,,,,,,
,3049,,0.8988380432128906,,,,,,,,,,
2,3049,,,,0.6996633410453796,32474.0,1.1515353918075562,-2576.999755859375,15.0,15.0,,,
,3099,,,1460.8521461486816,,,,,,,,,
,3099,,10.596513748168945,,,,,,,,,,
2,3099,,,,0.6955788731575012,32470.0,1.1458516120910645,-2636.000244140625,15.0,15.0,,,
,3149,,,1489.6204471588135,,,,,,,,,
,3149,,1.9359588623046875,,,,,,,,,,
2,3149,,,,0.7002016305923462,32456.0,1.1588430404663086,-2414.999755859375,15.0,15.0,,,
,3199,,,1728.6064624786377,,,,,,,,,
,3199,,15.594244003295898,,,,,,,,,,
2,3199,,,,0.6982478499412537,32464.0,1.1414775848388672,-2440.0,15.0,15.0,,,
,3249,,,1462.355375289917,,,,,,,,,
,3249,,0.9350776672363281,,,,,,,,,,
2,3249,,,,0.6952188611030579,32465.0,1.160385251045227,-2636.000244140625,15.0,15.0,,,
,3299,,,1488.3394241333008,,,,,,,,,
,3299,,18.72706413269043,,,,,,,,,,
2,3299,,,,0.6970629096031189,32450.0,1.1611919403076172,-2543.0,15.0,15.0,,,
,3349,,,1472.0630645751953,,,,,,,,,
,3349,,0.9212493896484375,,,,,,,,,,
2,3349,,,,0.6993550658226013,32474.0,1.16798734664917,-2622.999755859375,15.0,15.0,,,
,3399,,,1470.0465202331543,,,,,,,,,
,3399,,10.365962982177734,,,,,,,,,,
2,3399,,,,0.7006093263626099,32469.0,1.1503875255584717,-2450.999755859375,15.0,15.0,,,
,3449,,,1466.0415649414062,,,,,,,,,
,3449,,5.353450775146484,,,,,,,,,,
2,3449,,,,0.6996954083442688,32472.0,1.1501431465148926,-2515.0,15.0,15.0,,,
,3499,,,1452.7366161346436,,,,,,,,,
,3499,,9.188652038574219,,,,,,,,,,
2,3499,,,,0.6996785998344421,32459.0,1.1581082344055176,-2603.00048828125,15.0,15.0,,,
,3549,,,1477.2212505340576,,,,,,,,,
,3549,,2.756834030151367,,,,,,,,,,
2,3549,,,,0.6979449987411499,32465.0,1.1645357608795166,-2552.000244140625,15.0,15.0,,,
,3599,,,1453.9673328399658,,,,,,,,,
,3599,,9.248971939086914,,,,,,,,,,
2,3599,,,,0.7070661187171936,32458.0,1.1562168598175049,-2433.0,15.0,15.0,,,
,3649,,,1460.9529972076416,,,,,,,,,
,3649,,1.9397735595703125,,,,,,,,,,
2,3649,,,,0.6990330219268799,32463.0,1.1704628467559814,-2538.999755859375,15.0,15.0,,,
,3699,,,1463.4675979614258,,,,,,,,,
,3699,,10.826587677001953,,,,,,,,,,
2,3699,,,,0.6998444199562073,32464.0,1.159404993057251,-2472.999755859375,15.0,15.0,,,
,3749,,,1454.4193744659424,,,,,,,,,
,3749,,1.9614696502685547,,,,,,,,,,
2,3749,,,,0.7007757425308228,32459.0,1.173717737197876,-2474.000244140625,15.0,15.0,,,
2,3749,,,,,,,,,,8.550735473632812,2655.570068359375,-2655.570068359375
,3750,1896.5266263484955,,,,,,,,,,,
,3799,,,1506.7310333251953,,,,,,,,,
,3799,,10.615110397338867,,,,,,,,,,
3,3799,,,,0.7045407295227051,32464.0,1.1636323928833008,-2392.0,15.0,15.0,,,
,3849,,,1489.983081817627,,,,,,,,,
,3849,,3.489255905151367,,,,,,,,,,
3,3849,,,,0.6973557472229004,32460.0,1.1439911127090454,-2738.0,15.0,15.0,,,
,3899,,,1477.3585796356201,,,,,,,,,
,3899,,10.832071304321289,,,,,,,,,,
3,3899,,,,0.695953369140625,32467.0,1.1850496530532837,-2513.999755859375,15.0,15.0,,,
,3949,,,1470.0005054473877,,,,,,,,,
,3949,,2.018451690673828,,,,,,,,,,
3,3949,,,,0.69534832239151,32469.0,1.1756240129470825,-2595.0,15.0,15.0,,,
,3999,,,1474.6904373168945,,,,,,,,,
,3999,,10.322332382202148,,,,,,,,,,
3,3999,,,,0.6909902095794678,32449.0,1.1350655555725098,-2388.999755859375,15.0,15.0,,,
,4049,,,1474.1535186767578,,,,,,,,,
,4049,,2.067089080810547,,,,,,,,,,
3,4049,,,,0.7003967761993408,32467.0,1.1505961418151855,-2492.0,15.0,15.0,,,
,4099,,,1477.4892330169678,,,,,,,,,
,4099,,17.354726791381836,,,,,,,,,,
3,4099,,,,0.7013832330703735,32461.0,1.1712028980255127,-2376.000244140625,15.0,15.0,,,
,4149,,,1466.956615447998,,,,,,,,,
,4149,,1.955270767211914,,,,,,,,,,
3,4149,,,,0.7003065943717957,32451.0,1.1657581329345703,-2516.0,15.0,15.0,,,
,4199,,,1482.2845458984375,,,,,,,,,
,4199,,10.823965072631836,,,,,,,,,,
3,4199,,,,0.700706422328949,32460.0,1.1362791061401367,-2515.000244140625,15.0,15.0,,,
,4249,,,1480.372428894043,,,,,,,,,
,4249,,1.9886493682861328,,,,,,,,,,
3,4249,,,,0.6993156671524048,32466.0,1.1614562273025513,-2413.0,15.0,15.0,,,
,4299,,,1471.9116687774658,,,,,,,,,
,4299,,10.254621505737305,,,,,,,,,,
3,4299,,,,0.6997640132904053,32467.0,1.1607003211975098,-2477.0,15.0,15.0,,,
,4349,,,1488.111972808838,,,,,,,,,
,4349,,1.9826889038085938,,,,,,,,,,
3,4349,,,,0.6910792589187622,32458.0,1.16288423538208,-2629.999755859375,15.0,15.0,,,
,4399,,,1707.7691555023193,,,,,,,,,
,4399,,10.417699813842773,,,,,,,,,,
3,4399,,,,0.6969153881072998,32463.0,1.167081356048584,-2479.0,15.0,15.0,,,
,4449,,,1471.5871810913086,,,,,,,,,
,4449,,1.9962787628173828,,,,,,,,,,
3,4449,,,,0.6944610476493835,32478.0,1.1689509153366089,-2501.0,15.0,15.0,,,
,4499,,,1480.0264835357666,,,,,,,,,
,4499,,11.026859283447266,,,,,,,,,,
3,4499,,,,0.6868489980697632,32453.0,1.1602447032928467,-2556.0,15.0,15.0,,,
,4549,,,1471.9152450561523,,,,,,,,,
,4549,,2.1369457244873047,,,,,,,,,,
3,4549,,,,0.6954547762870789,32472.0,1.1560943126678467,-2440.999755859375,15.0,15.0,,,
,4599,,,1472.306728363037,,,,,,,,,
,4599,,10.495662689208984,,,,,,,,,,
3,4599,,,,0.7044231295585632,32458.0,1.1614620685577393,-2476.999755859375,15.0,15.0,,,
,4649,,,1480.4677963256836,,,,,,,,,
,4649,,1.950979232788086,,,,,,,,,,
3,4649,,,,0.693546712398529,32460.0,1.1560406684875488,-2539.000244140625,15.0,15.0,,,
,4699,,,1475.8000373840332,,,,,,,,,
,4699,,10.903358459472656,,,,,,,,,,
3,4699,,,,0.7004172801971436,32450.0,1.1796700954437256,-2440.0,15.0,15.0,,,
,4749,,,1473.4878540039062,,,,,,,,,
,4749,,2.001047134399414,,,,,,,,,,
3,4749,,,,0.7036074995994568,32466.0,1.1610991954803467,-2490.00048828125,15.0,15.0,,,
,4799,,,1479.6748161315918,,,,,,,,,
,4799,,10.549306869506836,,,,,,,,,,
3,4799,,,,0.7038509249687195,32472.0,1.149234652519226,-2524.0,15.0,15.0,,,
,4849,,,1500.7588863372803,,,,,,,,,
,4849,,2.031087875366211,,,,,,,,,,
3,4849,,,,0.6995375156402588,32451.0,1.1502306461334229,-2595.000244140625,15.0,15.0,,,
,4899,,,1480.0770282745361,,,,,,,,,
,4899,,12.13216781616211,,,,,,,,,,
3,4899,,,,0.6989468336105347,32464.0,1.1601039171218872,-2504.0,15.0,15.0,,,
,4949,,,1472.0115661621094,,,,,,,,,
,4949,,1.9631385803222656,,,,,,,,,,
3,4949,,,,0.6953994631767273,32465.0,1.1372169256210327,-2609.0,15.0,15.0,,,
,4999,,,1469.9680805206299,,,,,,,,,
,4999,,10.96343994140625,,,,,,,,,,
3,4999,,,,0.7044469118118286,32465.0,1.1601492166519165,-2492.000244140625,15.0,15.0,,,
3,4999,,,,,,,,,,8.037932395935059,2643.0400390625,-2643.0400390625
,5000,1915.582023382187,,,,,,,,,,,
,5049,,,1477.3869514465332,,,,,,,,,
,5049,,4.192590713500977,,,,,,,,,,
4,5049,,,,0.7016485929489136,32470.0,1.1518325805664062,-2584.999755859375,15.0,15.0,,,
,5099,,,1490.6530380249023,,,,,,,,,
,5099,,10.96796989440918,,,,,,,,,,
4,5099,,,,0.7031753063201904,32467.0,1.1630988121032715,-2564.99951171875,15.0,15.0,,,
,5149,,,1475.38161277771,,,,,,,,,
,5149,,1.977682113647461,,,,,,,,,,
4,5149,,,,0.7032061815261841,32481.0,1.158313274383545,-2378.000244140625,15.0,15.0,,,
,5199,,,1473.3707904815674,,,,,,,,,
,5199,,18.735170364379883,,,,,,,,,,
4,5199,,,,0.7028850317001343,32449.0,1.150113582611084,-2490.0,15.0,15.0,,,
,5249,,,1499.6449947357178,,,,,,,,,
,5249,,2.1190643310546875,,,,,,,,,,
4,5249,,,,0.701667308807373,32449.0,1.1686707735061646,-2545.999755859375,15.0,15.0,,,
,5299,,,1473.8528728485107,,,,,,,,,
,5299,,10.950803756713867,,,,,,,,,,
4,5299,,,,0.6993116736412048,32464.0,1.1598460674285889,-2479.000244140625,15.0,15.0,,,
,5349,,,1486.22727394104,,,,,,,,,
,5349,,2.0318031311035156,,,,,,,,,,
4,5349,,,,0.6967524886131287,32455.0,1.1581034660339355,-2467.0,15.0,15.0,,,
,5399,,,1475.820779800415,,,,,,,,,
,5399,,11.138439178466797,,,,,,,,,,
4,5399,,,,0.7080820798873901,32441.0,1.1353858709335327,-2593.999755859375,15.0,15.0,,,
,5449,,,1472.6378917694092,,,,,,,,,
,5449,,2.0515918731689453,,,,,,,,,,
4,5449,,,,0.6974756717681885,32462.0,1.1734399795532227,-2456.999755859375,15.0,15.0,,,
,5499,,,1498.7151622772217,,,,,,,,,
,5499,,10.301351547241211,,,,,,,,,,
4,5499,,,,0.6950235366821289,32464.0,1.15475332736969,-2570.999755859375,15.0,15.0,,,
,5549,,,1476.2701988220215,,,,,,,,,
,5549,,3.3960342407226562,,,,,,,,,,
4,5549,,,,0.7036444544792175,32450.0,1.1689045429229736,-2468.999755859375,15.0,15.0,,,
,5599,,,1473.2599258422852,,,,,,,,,
,5599,,14.117956161499023,,,,,,,,,,
4,5599,,,,0.6961700320243835,32473.0,1.1517951488494873,-2661.0,15.0,15.0,,,
,5649,,,1492.3698902130127,,,,,,,,,
,5649,,4.5108795166015625,,,,,,,,,,
4,5649,,,,0.6897251009941101,32455.0,1.163862705230713,-2506.0,15.0,15.0,,,
,5699,,,1495.9137439727783,,,,,,,,,
,5699,,10.32400131225586,,,,,,,,,,
4,5699,,,,0.7001890540122986,32469.0,1.146008849143982,-2704.0,15.0,15.0,,,
,5749,,,1503.2896995544434,,,,,,,,,
,5749,,2.1605491638183594,,,,,,,,,,
4,5749,,,,0.7047226428985596,32469.0,1.181740641593933,-2474.999755859375,15.0,15.0,,,
,5799,,,1525.0754356384277,,,,,,,,,
,5799,,13.285160064697266,,,,,,,,,,
4,5799,,,,0.6966891884803772,32470.0,1.2052569389343262,-2668.0,15.0,15.0,,,
,5849,,,1496.962308883667,,,,,,,,,
,5849,,2.0694732666015625,,,,,,,,,,
4,5849,,,,0.6963629722595215,32466.0,1.1744035482406616,-2548.0,15.0,15.0,,,
,5899,,,1470.7989692687988,,,,,,,,,
,5899,,10.849714279174805,,,,,,,,,,
4,5899,,,,0.6988099217414856,32473.0,1.1657367944717407,-2328.0,15.0,15.0,,,
,5949,,,1473.9038944244385,,,,,,,,,
,5949,,1.9466876983642578,,,,,,,,,,
4,5949,,,,0.7053049802780151,32465.0,1.1424232721328735,-2533.999755859375,15.0,15.0,,,
,5999,,,1495.6629276275635,,,,,,,,,
,5999,,12.624263763427734,,,,,,,,,,
4,5999,,,,0.6958414912223816,32470.0,1.160004734992981,-2545.0,15.0,15.0,,,
,6049,,,1479.1193008422852,,,,,,,,,
,6049,,1.9931793212890625,,,,,,,,,,
4,6049,,,,0.7025616765022278,32463.0,1.1597797870635986,-2491.999755859375,15.0,15.0,,,
,6099,,,1480.8003902435303,,,,,,,,,
,6099,,12.401580810546875,,,,,,,,,,
4,6099,,,,0.7009000778198242,32472.0,1.166916847229004,-2477.0,15.0,15.0,,,
,6149,,,1479.931354522705,,,,,,,,,
,6149,,3.7996768951416016,,,,,,,,,,
4,6149,,,,0.6951286196708679,32467.0,1.1722674369812012,-2534.0,15.0,15.0,,,
,6199,,,1492.4302101135254,,,,,,,,,
,6199,,10.808467864990234,,,,,,,,,,
4,6199,,,,0.694461464881897,32464.0,1.1536400318145752,-2553.0,15.0,15.0,,,
,6249,,,1466.162919998169,,,,,,,,,
,6249,,1.932382583618164,,,,,,,,,,
4,6249,,,,0.6912543773651123,32462.0,1.143190860748291,-2620.0,15.0,15.0,,,
4,6249,,,,,,,,,,8.664324760437012,2658.31005859375,-2658.31005859375
,6250,1918.8437814712524,,,,,,,,,,,
,6299,,,1488.7869358062744,,,,,,,,,
,6299,,15.6707763671875,,,,,,,,,,
5,6299,,,,0.6917368173599243,32466.0,1.1546331644058228,-2501.0,15.0,15.0,,,
,6349,,,1474.1308689117432,,,,,,,,,
,6349,,2.002716064453125,,,,,,,,,,
5,6349,,,,0.69427889585495,32463.0,1.153472661972046,-2587.00048828125,15.0,15.0,,,
,6399,,,1473.970890045166,,,,,,,,,
,6399,,10.407447814941406,,,,,,,,,,
5,6399,,,,0.6994466185569763,32449.0,1.1274349689483643,-2532.999755859375,15.0,15.0,,,
,6449,,,1488.1188869476318,,,,,,,,,
,6449,,2.151012420654297,,,,,,,,,,
5,6449,,,,0.7042636275291443,32456.0,1.14951491355896,-2366.000244140625,15.0,15.0,,,
,6499,,,1484.2479228973389,,,,,,,,,
,6499,,11.095046997070312,,,,,,,,,,
5,6499,,,,0.7059983015060425,32454.0,1.149266242980957,-2678.99951171875,15.0,15.0,,,
,6549,,,1499.0220069885254,,,,,,,,,
,6549,,2.024412155151367,,,,,,,,,,
5,6549,,,,0.7036433219909668,32459.0,1.158881425857544,-2516.0,15.0,15.0,,,
,6599,,,1472.9785919189453,,,,,,,,,
,6599,,10.823249816894531,,,,,,,,,,
5,6599,,,,0.697449266910553,32459.0,1.157707929611206,-2486.00048828125,15.0,15.0,,,
,6649,,,1477.6208400726318,,,,,,,,,
,6649,,1.9884109497070312,,,,,,,,,,
5,6649,,,,0.6973608136177063,32471.0,1.1406822204589844,-2671.99951171875,15.0,15.0,,,
,6699,,,1492.8240776062012,,,,,,,,,
,6699,,15.851259231567383,,,,,,,,,,
5,6699,,,,0.6995862126350403,32467.0,1.1429619789123535,-2481.0,15.0,15.0,,,
,6749,,,1471.4922904968262,,,,,,,,,
,6749,,2.0461082458496094,,,,,,,,,,
5,6749,,,,0.6986299753189087,32444.0,1.1464154720306396,-2618.999755859375,15.0,15.0,,,
,6799,,,1479.1476726531982,,,,,,,,,
,6799,,10.846614837646484,,,,,,,,,,
5,6799,,,,0.7011836767196655,32462.0,1.150242805480957,-2458.0,15.0,15.0,,,
,6849,,,1500.476598739624,,,,,,,,,
,6849,,4.162073135375977,,,,,,,,,,
5,6849,,,,0.7004567384719849,32460.0,1.172608494758606,-2673.0,15.0,15.0,,,
,6899,,,1481.8947315216064,,,,,,,,,
,6899,,10.252237319946289,,,,,,,,,,
5,6899,,,,0.695513904094696,32465.0,1.1261909008026123,-2551.000244140625,15.0,15.0,,,
,6949,,,1488.3711338043213,,,,,,,,,
,6949,,2.004384994506836,,,,,,,,,,
5,6949,,,,0.7009598016738892,32453.0,1.1641662120819092,-2537.0,15.0,15.0,,,
,6999,,,1491.9312000274658,,,,,,,,,
,6999,,13.778924942016602,,,,,,,,,,
5,6999,,,,0.7010690569877625,32456.0,1.1401177644729614,-2523.0,15.0,15.0,,,
,7049,,,1486.0448837280273,,,,,,,,,
,7049,,1.9555091857910156,,,,,,,,,,
5,7049,,,,0.7000246047973633,32469.0,1.155429482460022,-2597.0,15.0,15.0,,,
,7099,,,1477.7765274047852,,,,,,,,,
,7099,,10.602712631225586,,,,,,,,,,
5,7099,,,,0.699871838092804,32468.0,1.164797067642212,-2518.0,15.0,15.0,,,
,7149,,,1471.3935852050781,,,,,,,,,
,7149,,1.9693374633789062,,,,,,,,,,
5,7149,,,,0.7037439942359924,32456.0,1.1543831825256348,-2540.0,15.0,15.0,,,
,7199,,,1465.9249782562256,,,,,,,,,
,7199,,10.702133178710938,,,,,,,,,,
5,7199,,,,0.6977030038833618,32472.0,1.1629737615585327,-2559.0,15.0,15.0,,,
,7249,,,1481.7326068878174,,,,,,,,,
,7249,,5.623817443847656,,,,,,,,,,
5,7249,,,,0.6965577602386475,32464.0,1.1742817163467407,-2539.999755859375,15.0,15.0,,,
,7299,,,1466.7439460754395,,,,,,,,,
,7299,,10.791301727294922,,,,,,,,,,
5,7299,,,,0.7009230256080627,32469.0,1.1588451862335205,-2687.0,15.0,15.0,,,
,7349,,,1486.2582683563232,,,,,,,,,
,7349,,5.584239959716797,,,,,,,,,,
5,7349,,,,0.69721919298172,32458.0,1.1656436920166016,-2557.0,15.0,15.0,,,
,7399,,,1489.262342453003,,,,,,,,,
,7399,,10.326623916625977,,,,,,,,,,
5,7399,,,,0.6934456825256348,32457.0,1.1546299457550049,-2606.999755859375,15.0,15.0,,,
,7449,,,1484.757423400879,,,,,,,,,
,7449,,1.9655227661132812,,,,,,,,,,
5,7449,,,,0.6948301792144775,32470.0,1.155356526374817,-2590.999755859375,15.0,15.0,,,
,7499,,,1489.4657135009766,,,,,,,,,
,7499,,11.222600936889648,,,,,,,,,,
5,7499,,,,0.697005033493042,32459.0,1.1461551189422607,-2635.999755859375,15.0,15.0,,,
5,7499,,,,,,,,,,8.507617950439453,2654.4599609375,-2654.4599609375
,7500,1915.9169642925262,,,,,,,,,,,
,7549,,,1480.7281494140625,,,,,,,,,
,7549,,2.0301342010498047,,,,,,,,,,
6,7549,,,,0.7018848061561584,32452.0,1.14567232131958,-2580.999755859375,15.0,15.0,,,
,7599,,,1473.050832748413,,,,,,,,,
,7599,,10.277748107910156,,,,,,,,,,
6,7599,,,,0.7010894417762756,32469.0,1.165753722190857,-2403.0,15.0,15.0,,,
,7649,,,1480.8902740478516,,,,,,,,,
,7649,,1.9619464874267578,,,,,,,,,,
6,7649,,,,0.6923446655273438,32469.0,1.144534707069397,-2547.999755859375,15.0,15.0,,,
,7699,,,1474.5352268218994,,,,,,,,,
,7699,,9.885311126708984,,,,,,,,,,
6,7699,,,,0.6961595416069031,32453.0,1.152329921722412,-2563.999755859375,15.0,15.0,,,
,7749,,,1483.3178520202637,,,,,,,,,
,7749,,2.018451690673828,,,,,,,,,,
6,7749,,,,0.6913901567459106,32464.0,1.1502656936645508,-2407.999755859375,15.0,15.0,,,
,7799,,,1486.1443042755127,,,,,,,,,
,7799,,15.284538269042969,,,,,,,,,,
6,7799,,,,0.6971076726913452,32456.0,1.1657075881958008,-2510.0,15.0,15.0,,,
,7849,,,1461.2376689910889,,,,,,,,,
,7849,,1.940011978149414,,,,,,,,,,
6,7849,,,,0.6959545612335205,32459.0,1.1765544414520264,-2523.999755859375,15.0,15.0,,,
,7899,,,1472.719669342041,,,,,,,,,
,7899,,17.62247085571289,,,,,,,,,,
6,7899,,,,0.7067564725875854,32458.0,1.1689387559890747,-2402.0,15.0,15.0,,,
,7949,,,1470.6194400787354,,,,,,,,,
,7949,,1.9521713256835938,,,,,,,,,,
6,7949,,,,0.6946246027946472,32455.0,1.1452891826629639,-2471.999755859375,15.0,15.0,,,
,7999,,,1740.4718399047852,,,,,,,,,
,7999,,10.561704635620117,,,,,,,,,,
6,7999,,,,0.691832423210144,32457.0,1.1649612188339233,-2388.0,15.0,15.0,,,
,8049,,,1471.0509777069092,,,,,,,,,
,8049,,2.004384994506836,,,,,,,,,,
6,8049,,,,0.6905739903450012,32478.0,1.1474865674972534,-2586.0,15.0,15.0,,,
,8099,,,1457.3822021484375,,,,,,,,,
,8099,,11.997222900390625,,,,,,,,,,
6,8099,,,,0.6942080855369568,32459.0,1.1620802879333496,-2554.999755859375,15.0,15.0,,,
,8149,,,1465.3639793395996,,,,,,,,,
,8149,,1.8935203552246094,,,,,,,,,,
6,8149,,,,0.6997236609458923,32454.0,1.1444734334945679,-2549.0,15.0,15.0,,,
,8199,,,1471.2018966674805,,,,,,,,,
,8199,,10.49947738647461,,,,,,,,,,
6,8199,,,,0.6989688873291016,32453.0,1.1663880348205566,-2484.999755859375,15.0,15.0,,,
,8249,,,1474.9367237091064,,,,,,,,,
,8249,,1.9507408142089844,,,,,,,,,,
6,8249,,,,0.6957846879959106,32451.0,1.1374809741973877,-2583.000244140625,15.0,15.0,,,
,8299,,,1455.275297164917,,,,,,,,,
,8299,,10.736942291259766,,,,,,,,,,
6,8299,,,,0.6974349021911621,32457.0,1.1853152513504028,-2572.000244140625,15.0,15.0,,,
,8349,,,1459.4943523406982,,,,,,,,,
,8349,,0.9603500366210938,,,,,,,,,,
6,8349,,,,0.7043355703353882,32474.0,1.1606007814407349,-2515.0,15.0,15.0,,,
,8399,,,1460.8619213104248,,,,,,,,,
,8399,,10.370016098022461,,,,,,,,,,
6,8399,,,,0.6993491649627686,32468.0,1.1405831575393677,-2538.0,15.0,15.0,,,
,8449,,,1445.6253051757812,,,,,,,,,
,8449,,0.9148120880126953,,,,,,,,,,
6,8449,,,,0.7035631537437439,32480.0,1.1501331329345703,-2626.999755859375,15.0,15.0,,,
,8499,,,1458.2901000976562,,,,,,,,,
,8499,,10.668277740478516,,,,,,,,,,
6,8499,,,,0.7065330743789673,32456.0,1.158200740814209,-2633.999755859375,15.0,15.0,,,
,8549,,,1459.019422531128,,,,,,,,,
,8549,,1.9230842590332031,,,,,,,,,,
6,8549,,,,0.6984955668449402,32452.0,1.153104543685913,-2486.999755859375,15.0,15.0,,,
,8599,,,1453.9246559143066,,,,,,,,,
,8599,,10.187625885009766,,,,,,,,,,
6,8599,,,,0.6964261531829834,32453.0,1.1549967527389526,-2508.0,15.0,15.0,,,
,8649,,,1466.9384956359863,,,,,,,,,
,8649,,5.393505096435547,,,,,,,,,,
6,8649,,,,0.6993810534477234,32448.0,1.135399580001831,-2445.000244140625,15.0,15.0,,,
,8699,,,1450.685739517212,,,,,,,,,
,8699,,10.254621505737305,,,,,,,,,,
6,8699,,,,0.6978954672813416,32478.0,1.1581535339355469,-2467.999755859375,15.0,15.0,,,
,8749,,,1448.0657577514648,,,,,,,,,
,8749,,1.8820762634277344,,,,,,,,,,
6,8749,,,,0.7002713680267334,32473.0,1.1623187065124512,-2574.999755859375,15.0,15.0,,,
6,8749,,,,,,,,,,8.439068794250488,2652.830078125,-2652.830078125
,8750,1897.0782186985016,,,,,,,,,,,
,8799,,,1462.9464149475098,,,,,,,,,
,8799,,10.203361511230469,,,,,,,,,,
7,8799,,,,0.6941227912902832,32468.0,1.1488820314407349,-2492.0,15.0,15.0,,,
,8849,,,1461.0962867736816,,,,,,,,,
,8849,,1.9118785858154297,,,,,,,,,,
7,8849,,,,0.7043672204017639,32467.0,1.1536376476287842,-2549.000244140625,15.0,15.0,,,
,8899,,,1463.4201526641846,,,,,,,,,
,8899,,10.346651077270508,,,,,,,,,,
7,8899,,,,0.6932986378669739,32460.0,1.1569675207138062,-2497.000244140625,15.0,15.0,,,
,8949,,,1466.2818908691406,,,,,,,,,
,8949,,1.9559860229492188,,,,,,,,,,
7,8949,,,,0.7036137580871582,32463.0,1.1501209735870361,-2614.999755859375,15.0,15.0,,,
,8999,,,1470.088005065918,,,,,,,,,
,8999,,10.768413543701172,,,,,,,,,,
7,8999,,,,0.6949964761734009,32457.0,1.1622779369354248,-2410.0,15.0,15.0,,,
,9049,,,1457.5245380401611,,,,,,,,,
,9049,,1.8963813781738281,,,,,,,,,,
7,9049,,,,0.7040242552757263,32453.0,1.1639188528060913,-2701.999755859375,15.0,15.0,,,
,9099,,,1473.405122756958,,,,,,,,,
,9099,,10.817766189575195,,,,,,,,,,
7,9099,,,,0.693969190120697,32444.0,1.1584666967391968,-2626.0,15.0,15.0,,,
,9149,,,1457.6685428619385,,,,,,,,,
,9149,,1.9741058349609375,,,,,,,,,,
7,9149,,,,0.6975226402282715,32460.0,1.1570219993591309,-2528.0,15.0,15.0,,,
,9199,,,1719.4337844848633,,,,,,,,,
,9199,,10.436058044433594,,,,,,,,,,
7,9199,,,,0.6959433555603027,32468.0,1.1611543893814087,-2549.0,15.0,15.0,,,
,9249,,,1475.5172729492188,,,,,,,,,
,9249,,5.696535110473633,,,,,,,,,,
7,9249,,,,0.7020893096923828,32463.0,1.1747640371322632,-2474.999755859375,15.0,15.0,,,
,9299,,,1464.0638828277588,,,,,,,,,
,9299,,10.915994644165039,,,,,,,,,,
7,9299,,,,0.6934326887130737,32457.0,1.1507807970046997,-2536.000244140625,15.0,15.0,,,
,9349,,,1457.8523635864258,,,,,,,,,
,9349,,1.9524097442626953,,,,,,,,,,
7,9349,,,,0.7038277983665466,32464.0,1.1521189212799072,-2559.999755859375,15.0,15.0,,,
,9399,,,1470.2513217926025,,,,,,,,,
,9399,,10.190486907958984,,,,,,,,,,
7,9399,,,,0.6997567415237427,32464.0,1.150089979171753,-2495.000244140625,15.0,15.0,,,
,9449,,,1476.6817092895508,,,,,,,,,
,9449,,2.017974853515625,,,,,,,,,,
7,9449,,,,0.6949913501739502,32463.0,1.162458896636963,-2573.000244140625,15.0,15.0,,,
,9499,,,1487.2894287109375,,,,,,,,,
,9499,,10.771036148071289,,,,,,,,,,
7,9499,,,,0.6983668804168701,32461.0,1.158522605895996,-2521.999755859375,15.0,15.0,,,
,9549,,,1486.128330230713,,,,,,,,,
,9549,,2.1293163299560547,,,,,,,,,,
7,9549,,,,0.7016726732254028,32466.0,1.1464179754257202,-2534.00048828125,15.0,15.0,,,
,9599,,,1466.2647247314453,,,,,,,,,
,9599,,10.26773452758789,,,,,,,,,,
7,9599,,,,0.6900680661201477,32453.0,1.137534737586975,-2602.0,15.0,15.0,,,
,9649,,,1481.6555976867676,,,,,,,,,
,9649,,1.981496810913086,,,,,,,,,,
7,9649,,,,0.7008088231086731,32462.0,1.148288607597351,-2561.0,15.0,15.0,,,
,9699,,,1470.7558155059814,,,,,,,,,
,9699,,10.301589965820312,,,,,,,,,,
7,9699,,,,0.7015184164047241,32451.0,1.156449317932129,-2548.000244140625,15.0,15.0,,,
,9749,,,1489.2325401306152,,,,,,,,,
,9749,,2.019166946411133,,,,,,,,,,
7,9749,,,,0.6966065764427185,32458.0,1.1524533033370972,-2434.0,15.0,15.0,,,
,9799,,,1487.950086593628,,,,,,,,,
,9799,,10.749578475952148,,,,,,,,,,
7,9799,,,,0.696867048740387,32470.0,1.1512463092803955,-2511.999755859375,15.0,15.0,,,
,9849,,,1477.0832061767578,,,,,,,,,
,9849,,2.1452903747558594,,,,,,,,,,
7,9849,,,,0.700237512588501,32442.0,1.1539316177368164,-2408.0,15.0,15.0,,,
,9899,,,1521.7804908752441,,,,,,,,,
,9899,,11.1846923828125,,,,,,,,,,
7,9899,,,,0.6964540481567383,32481.0,1.1490986347198486,-2496.000244140625,15.0,15.0,,,
,9949,,,1479.4859886169434,,,,,,,,,
,9949,,5.6247711181640625,,,,,,,,,,
7,9949,,,,0.698837399482727,32440.0,1.160243272781372,-2546.0,15.0,15.0,,,
,9999,,,1481.3504219055176,,,,,,,,,
,9999,,10.775089263916016,,,,,,,,,,
7,9999,,,,0.6949992179870605,32470.0,1.1636290550231934,-2444.999755859375,15.0,15.0,,,
7,9999,,,,,,,,,,8.264542579650879,2648.60009765625,-2648.60009765625
,10000,1907.6681237220764,,,,,,,,,,,
,10049,,,1476.7014980316162,,,,,,,,,
,10049,,1.9211769104003906,,,,,,,,,,
8,10049,,,,0.7003748416900635,32468.0,1.1397764682769775,-2470.0,15.0,15.0,,,
,10099,,,1468.524694442749,,,,,,,,,
,10099,,10.777711868286133,,,,,,,,,,
8,10099,,,,0.7020351886749268,32456.0,1.1440439224243164,-2422.999755859375,15.0,15.0,,,
,10149,,,1496.4518547058105,,,,,,,,,
,10149,,2.1393299102783203,,,,,,,,,,
8,10149,,,,0.7041481137275696,32448.0,1.140000343322754,-2614.999755859375,15.0,15.0,,,
,10199,,,1477.7746200561523,,,,,,,,,
,10199,,10.53929328918457,,,,,,,,,,
8,10199,,,,0.6958736181259155,32481.0,1.1524877548217773,-2588.000244140625,15.0,15.0,,,
,10249,,,1458.770513534546,,,,,,,,,
,10249,,1.9321441650390625,,,,,,,,,,
8,10249,,,,0.6974360942840576,32474.0,1.1580466032028198,-2298.0,15.0,15.0,,,
,10299,,,1465.791940689087,,,,,,,,,
,10299,,10.409355163574219,,,,,,,,,,
8,10299,,,,0.6945123076438904,32465.0,1.1475670337677002,-2496.0,15.0,15.0,,,
,10349,,,1469.7816371917725,,,,,,,,,
,10349,,1.9273757934570312,,,,,,,,,,
8,10349,,,,0.695925235748291,32475.0,1.1563942432403564,-2430.0,15.0,15.0,,,
,10399,,,1470.8287715911865,,,,,,,,,
,10399,,12.616634368896484,,,,,,,,,,
8,10399,,,,0.6952549815177917,32474.0,1.1541037559509277,-2622.0,15.0,15.0,,,
,10449,,,1481.8668365478516,,,,,,,,,
,10449,,2.0303726196289062,,,,,,,,,,
8,10449,,,,0.6948582530021667,32464.0,1.1524910926818848,-2435.0,15.0,15.0,,,
,10499,,,1487.522840499878,,,,,,,,,
,10499,,10.952472686767578,,,,,,,,,,
8,10499,,,,0.6962692141532898,32440.0,1.1632447242736816,-2478.000244140625,15.0,15.0,,,
,10549,,,1456.6059112548828,,,,,,,,,
,10549,,1.9686222076416016,,,,,,,,,,
8,10549,,,,0.6983780860900879,32477.0,1.155997633934021,-2519.000244140625,15.0,15.0,,,
,10599,,,1469.4390296936035,,,,,,,,,
,10599,,10.746479034423828,,,,,,,,,,
8,10599,,,,0.701087474822998,32467.0,1.1547210216522217,-2468.0,15.0,15.0,,,
,10649,,,1471.7776775360107,,,,,,,,,
,10649,,2.0241737365722656,,,,,,,,,,
8,10649,,,,0.707493782043457,32447.0,1.146144151687622,-2560.0,15.0,15.0,,,
,10699,,,1490.403413772583,,,,,,,,,
,10699,,11.07931137084961,,,,,,,,,,
8,10699,,,,0.6962758898735046,32459.0,1.1681456565856934,-2632.0,15.0,15.0,,,
,10749,,,1465.8477306365967,,,,,,,,,
,10749,,1.9724369049072266,,,,,,,,,,
8,10749,,,,0.689793050289154,32437.0,1.1471227407455444,-2557.0,15.0,15.0,,,
,10799,,,1475.874900817871,,,,,,,,,
,10799,,10.666131973266602,,,,,,,,,,
8,10799,,,,0.6977667808532715,32450.0,1.1404465436935425,-2493.99951171875,15.0,15.0,,,
,10849,,,1459.4452381134033,,,,,,,,,
,10849,,1.9507408142089844,,,,,,,,,,
8,10849,,,,0.6993008255958557,32453.0,1.1409828662872314,-2618.0,15.0,15.0,,,
,10899,,,1492.1441078186035,,,,,,,,,
,10899,,10.301828384399414,,,,,,,,,,
8,10899,,,,0.6995588541030884,32446.0,1.146503210067749,-2449.0,15.0,15.0,,,
,10949,,,1500.0724792480469,,,,,,,,,
,10949,,2.655506134033203,,,,,,,,,,
8,10949,,,,0.6965157389640808,32461.0,1.1605806350708008,-2466.999755859375,15.0,15.0,,,
,10999,,,1468.5168266296387,,,,,,,,,
,10999,,16.425371170043945,,,,,,,,,,
8,10999,,,,0.6996390223503113,32458.0,1.1642085313796997,-2595.0,15.0,15.0,,,
,11049,,,1464.1079902648926,,,,,,,,,
,11049,,1.9373893737792969,,,,,,,,,,
8,11049,,,,0.7000216841697693,32465.0,1.1656639575958252,-2568.0,15.0,15.0,,,
,11099,,,1467.9059982299805,,,,,,,,,
,11099,,17.903804779052734,,,,,,,,,,
8,11099,,,,0.6959249377250671,32453.0,1.1550551652908325,-2376.000244140625,15.0,15.0,,,
,11149,,,1462.2950553894043,,,,,,,,,
,11149,,1.9152164459228516,,,,,,,,,,
8,11149,,,,0.702988862991333,32450.0,1.155470609664917,-2609.000244140625,15.0,15.0,,,
,11199,,,1473.2470512390137,,,,,,,,,
,11199,,14.951229095458984,,,,,,,,,,
8,11199,,,,0.7008795142173767,32459.0,1.1797237396240234,-2430.999755859375,15.0,15.0,,,
,11249,,,1466.2833213806152,,,,,,,,,
,11249,,2.062082290649414,,,,,,,,,,
8,11249,,,,0.7020493149757385,32464.0,1.1435325145721436,-2387.0,15.0,15.0,,,
8,11249,,,,,,,,,,8.115788459777832,2645.0,-2645.0
,11250,1904.2295787334442,,,,,,,,,,,
,11299,,,1474.3297100067139,,,,,,,,,
,11299,,10.431766510009766,,,,,,,,,,
9,11299,,,,0.6999375820159912,32457.0,1.1396254301071167,-2526.000244140625,15.0,15.0,,,
,11349,,,1467.5111770629883,,,,,,,,,
,11349,,1.9729137420654297,,,,,,,,,,
9,11349,,,,0.698502779006958,32452.0,1.1505612134933472,-2609.000244140625,15.0,15.0,,,
,11399,,,1474.2038249969482,,,,,,,,,
,11399,,11.372089385986328,,,,,,,,,,
9,11399,,,,0.6976039409637451,32471.0,1.1588691473007202,-2635.0,15.0,15.0,,,
,11449,,,1465.1942253112793,,,,,,,,,
,11449,,4.517793655395508,,,,,,,,,,
9,11449,,,,0.6976736783981323,32459.0,1.161407709121704,-2491.0,15.0,15.0,,,
,11499,,,1472.1248149871826,,,,,,,,,
,11499,,10.779619216918945,,,,,,,,,,
9,11499,,,,0.696382462978363,32453.0,1.1506752967834473,-2463.0,15.0,15.0,,,
,11549,,,1522.7818489074707,,,,,,,,,
,11549,,1.9581317901611328,,,,,,,,,,
9,11549,,,,0.6956176161766052,32468.0,1.147231101989746,-2602.0,15.0,15.0,,,
,11599,,,1483.2141399383545,,,,,,,,,
,11599,,16.443490982055664,,,,,,,,,,
9,11599,,,,0.6999749541282654,32456.0,1.148634910583496,-2522.999755859375,15.0,15.0,,,
,11649,,,1478.7099361419678,,,,,,,,,
,11649,,1.9445419311523438,,,,,,,,,,
9,11649,,,,0.7085058689117432,32454.0,1.1571964025497437,-2374.999755859375,15.0,15.0,,,
,11699,,,1466.3140773773193,,,,,,,,,
,11699,,10.729789733886719,,,,,,,,,,
9,11699,,,,0.6971516609191895,32469.0,1.1612160205841064,-2498.0,15.0,15.0,,,
,11749,,,1727.4975776672363,,,,,,,,,
,11749,,2.121448516845703,,,,,,,,,,
9,11749,,,,0.704761266708374,32461.0,1.1832654476165771,-2438.999755859375,15.0,15.0,,,
,11799,,,1479.5238971710205,,,,,,,,,
,11799,,10.380744934082031,,,,,,,,,,
9,11799,,,,0.6993998289108276,32463.0,1.153402328491211,-2451.0,15.0,15.0,,,
,11849,,,1482.215166091919,,,,,,,,,
,11849,,2.012014389038086,,,,,,,,,,
9,11849,,,,0.697187602519989,32444.0,1.1481627225875854,-2648.0,15.0,15.0,,,
,11899,,,1486.8297576904297,,,,,,,,,
,11899,,10.942935943603516,,,,,,,,,,
9,11899,,,,0.6959245800971985,32462.0,1.1422479152679443,-2554.0,15.0,15.0,,,
,11949,,,1461.4107608795166,,,,,,,,,
,11949,,5.353450775146484,,,,,,,,,,
9,11949,,,,0.7023011445999146,32473.0,1.1511800289154053,-2576.0,15.0,15.0,,,
,11999,,,1470.977544784546,,,,,,,,,
,11999,,10.260820388793945,,,,,,,,,,
9,11999,,,,0.6998043656349182,32456.0,1.156794548034668,-2519.000244140625,15.0,15.0,,,
,12049,,,1471.5890884399414,,,,,,,,,
,12049,,1.9812583923339844,,,,,,,,,,
9,12049,,,,0.696537971496582,32466.0,1.1633886098861694,-2459.00048828125,15.0,15.0,,,
,12099,,,1476.2673377990723,,,,,,,,,
,12099,,10.411500930786133,,,,,,,,,,
9,12099,,,,0.7035461664199829,32460.0,1.1386650800704956,-2575.999755859375,15.0,15.0,,,
,12149,,,1460.8817100524902,,,,,,,,,
,12149,,2.019643783569336,,,,,,,,,,
9,12149,,,,0.6884695887565613,32461.0,1.157333493232727,-2621.0,15.0,15.0,,,
,12199,,,1470.4761505126953,,,,,,,,,
,12199,,10.732412338256836,,,,,,,,,,
9,12199,,,,0.6923733353614807,32470.0,1.1643226146697998,-2442.999755859375,15.0,15.0,,,
,12249,,,1459.7556591033936,,,,,,,,,
,12249,,1.9178390502929688,,,,,,,,,,
9,12249,,,,0.7005602121353149,32471.0,1.15236496925354,-2545.0,15.0,15.0,,,
,12299,,,1479.9811840057373,,,,,,,,,
,12299,,10.931015014648438,,,,,,,,,,
9,12299,,,,0.6995156407356262,32461.0,1.1587650775909424,-2582.999755859375,15.0,15.0,,,
,12349,,,1462.8322124481201,,,,,,,,,
,12349,,2.058744430541992,,,,,,,,,,
9,12349,,,,0.7014787793159485,32473.0,1.167372703552246,-2505.0,15.0,15.0,,,
,12399,,,1471.8608856201172,,,,,,,,,
,12399,,10.426998138427734,,,,,,,,,,
9,12399,,,,0.6954975128173828,32470.0,1.1671350002288818,-2439.000244140625,15.0,15.0,,,
,12449,,,1464.7090435028076,,,,,,,,,
,12449,,1.9369125366210938,,,,,,,,,,
9,12449,,,,0.6948421597480774,32452.0,1.158827543258667,-2506.999755859375,15.0,15.0,,,
,12499,,,1469.7751998901367,,,,,,,,,
,12499,,16.406774520874023,,,,,,,,,,
9,12499,,,,0.6967580318450928,32463.0,1.150839924812317,-2360.00048828125,15.0,15.0,,,
9,12499,,,,,,,,,,8.403277397155762,2651.860107421875,-2651.860107421875
,12500,1902.0190558433533,,,,,,,,,,,
,12549,,,1460.3235721588135,,,,,,,,,
,12549,,1.9228458404541016,,,,,,,,,,
10,12549,,,,0.6975575685501099,32460.0,1.1427581310272217,-2416.999755859375,15.0,15.0,,,
,12599,,,1470.3493118286133,,,,,,,,,
,12599,,10.189056396484375,,,,,,,,,,
10,12599,,,,0.6984397172927856,32469.0,1.1571804285049438,-2506.0,15.0,15.0,,,
,12649,,,1465.8656120300293,,,,,,,,,
,12649,,1.9321441650390625,,,,,,,,,,
10,12649,,,,0.6997921466827393,32477.0,1.1745221614837646,-2642.999755859375,15.0,15.0,,,
,12699,,,1476.163387298584,,,,,,,,,
,12699,,10.606765747070312,,,,,,,,,,
10,12699,,,,0.6904900670051575,32467.0,1.1669988632202148,-2492.0,15.0,15.0,,,
,12749,,,1460.599422454834,,,,,,,,,
,12749,,1.9748210906982422,,,,,,,,,,
10,12749,,,,0.6953927874565125,32473.0,1.1663169860839844,-2518.0,15.0,15.0,,,
,12799,,,1468.261957168579,,,,,,,,,
,12799,,10.264158248901367,,,,,,,,,,
10,12799,,,,0.701099693775177,32472.0,1.1515543460845947,-2492.0,15.0,15.0,,,
,12849,,,1488.1200790405273,,,,,,,,,
,12849,,2.019643783569336,,,,,,,,,,
10,12849,,,,0.6965597867965698,32461.0,1.1448862552642822,-2502.0,15.0,15.0,,,
,12899,,,1477.783203125,,,,,,,,,
,12899,,10.735034942626953,,,,,,,,,,
10,12899,,,,0.6917375326156616,32460.0,1.1448549032211304,-2536.0,15.0,15.0,,,
,12949,,,1711.9684219360352,,,,,,,,,
,12949,,2.143383026123047,,,,,,,,,,
10,12949,,,,0.6929305195808411,32450.0,1.1344964504241943,-2546.999755859375,15.0,15.0,,,
,12999,,,1472.9433059692383,,,,,,,,,
,12999,,10.79249382019043,,,,,,,,,,
10,12999,,,,0.7029178738594055,32479.0,1.16905677318573,-2446.000244140625,15.0,15.0,,,
,13049,,,1460.0529670715332,,,,,,,,,
,13049,,1.9969940185546875,,,,,,,,,,
10,13049,,,,0.6949220299720764,32465.0,1.1439450979232788,-2607.0,15.0,15.0,,,
,13099,,,1485.3646755218506,,,,,,,,,
,13099,,11.0626220703125,,,,,,,,,,
10,13099,,,,0.7025246620178223,32468.0,1.1694360971450806,-2438.999755859375,15.0,15.0,,,
,13149,,,1470.0043201446533,,,,,,,,,
,13149,,1.9376277923583984,,,,,,,,,,
10,13149,,,,0.6916869878768921,32450.0,1.1436803340911865,-2396.999755859375,15.0,15.0,,,
,13199,,,1481.4376831054688,,,,,,,,,
,13199,,10.474681854248047,,,,,,,,,,
10,13199,,,,0.6904018521308899,32450.0,1.1541533470153809,-2464.000244140625,15.0,15.0,,,
,13249,,,1460.0074291229248,,,,,,,,,
,13249,,1.9576549530029297,,,,,,,,,,
10,13249,,,,0.70478755235672,32455.0,1.16685950756073,-2521.999755859375,15.0,15.0,,,
,13299,,,1471.7884063720703,,,,,,,,,
,13299,,10.938882827758789,,,,,,,,,,
10,13299,,,,0.6882005929946899,32471.0,1.1523373126983643,-2481.000244140625,15.0,15.0,,,
,13349,,,1461.132526397705,,,,,,,,,
,13349,,1.8877983093261719,,,,,,,,,,
10,13349,,,,0.7040970921516418,32463.0,1.1621640920639038,-2664.0,15.0,15.0,,,
,13399,,,1492.0322895050049,,,,,,,,,
,13399,,10.288476943969727,,,,,,,,,,
10,13399,,,,0.6968775987625122,32458.0,1.1484116315841675,-2552.0,15.0,15.0,,,
,13449,,,1462.080717086792,,,,,,,,,
,13449,,2.111673355102539,,,,,,,,,,
10,13449,,,,0.7055813074111938,32469.0,1.1537144184112549,-2678.999755859375,15.0,15.0,,,
,13499,,,1471.7693328857422,,,,,,,,,
,13499,,12.259244918823242,,,,,,,,,,
10,13499,,,,0.7002236247062683,32451.0,1.1453511714935303,-2424.999755859375,15.0,15.0,,,
,13549,,,1459.268569946289,,,,,,,,,
,13549,,1.8901824951171875,,,,,,,,,,
10,13549,,,,0.6985735297203064,32455.0,1.1501250267028809,-2452.0,15.0,15.0,,,
,13599,,,1471.8031883239746,,,,,,,,,
,13599,,11.377096176147461,,,,,,,,,,
10,13599,,,,0.6964435577392578,32457.0,1.167922854423523,-2444.000244140625,15.0,15.0,,,
,13649,,,1472.879409790039,,,,,,,,,
,13649,,2.0051002502441406,,,,,,,,,,
10,13649,,,,0.6995077133178711,32473.0,1.1551008224487305,-2566.0,15.0,15.0,,,
,13699,,,1468.5254096984863,,,,,,,,,
,13699,,13.803720474243164,,,,,,,,,,
10,13699,,,,0.6975076794624329,32463.0,1.1502996683120728,-2575.000244140625,15.0,15.0,,,
,13749,,,1465.7692909240723,,,,,,,,,
,13749,,1.0285377502441406,,,,,,,,,,
10,13749,,,,0.6992965936660767,32460.0,1.1459749937057495,-2632.000244140625,15.0,15.0,,,
10,13749,,,,,,,,,,8.659887313842773,2658.1201171875,-2658.1201171875
,13750,1902.0557305812836,,,,,,,,,,,
,13799,,,1480.2558422088623,,,,,,,,,
,13799,,16.764402389526367,,,,,,,,,,
11,13799,,,,0.6974499225616455,32453.0,1.149513602256775,-2394.0,15.0,15.0,,,
,13849,,,1460.8154296875,,,,,,,,,
,13849,,2.0241737365722656,,,,,,,,,,
11,13849,,,,0.6991270780563354,32472.0,1.171041488647461,-2439.0,15.0,15.0,,,
,13899,,,1472.928762435913,,,,,,,,,
,13899,,10.835647583007812,,,,,,,,,,
11,13899,,,,0.6901801228523254,32477.0,1.1595346927642822,-2518.0,15.0,15.0,,,
,13949,,,1456.4158916473389,,,,,,,,,
,13949,,1.9156932830810547,,,,,,,,,,
11,13949,,,,0.7004674673080444,32455.0,1.1467158794403076,-2545.999755859375,15.0,15.0,,,
,13999,,,1477.5023460388184,,,,,,,,,
,13999,,10.374069213867188,,,,,,,,,,
11,13999,,,,0.6919663548469543,32463.0,1.1639318466186523,-2469.0,15.0,15.0,,,
,14049,,,1477.6368141174316,,,,,,,,,
,14049,,2.0666122436523438,,,,,,,,,,
11,14049,,,,0.6895768046379089,32470.0,1.167040228843689,-2589.999755859375,15.0,15.0,,,
,14099,,,1472.3608493804932,,,,,,,,,
,14099,,10.788202285766602,,,,,,,,,,
11,14099,,,,0.7015207409858704,32460.0,1.1530547142028809,-2516.0,15.0,15.0,,,
,14149,,,1463.8230800628662,,,,,,,,,
,14149,,1.9893646240234375,,,,,,,,,,
11,14149,,,,0.7093719244003296,32451.0,1.1325929164886475,-2454.999755859375,15.0,15.0,,,
,14199,,,1473.0346202850342,,,,,,,,,
,14199,,10.306596755981445,,,,,,,,,,
11,14199,,,,0.6957183480262756,32456.0,1.1427550315856934,-2566.000244140625,15.0,15.0,,,
,14249,,,1466.198444366455,,,,,,,,,
,14249,,1.9800662994384766,,,,,,,,,,
11,14249,,,,0.6921526789665222,32463.0,1.1457756757736206,-2551.0,15.0,15.0,,,
,14299,,,1479.4061183929443,,,,,,,,,
,14299,,11.066675186157227,,,,,,,,,,
11,14299,,,,0.6909170150756836,32463.0,1.1671922206878662,-2479.999755859375,15.0,15.0,,,
,14349,,,1461.42578125,,,,,,,,,
,14349,,1.9354820251464844,,,,,,,,,,
11,14349,,,,0.6964367628097534,32456.0,1.1702659130096436,-2389.0,15.0,15.0,,,
,14399,,,1461.2977504730225,,,,,,,,,
,14399,,10.173320770263672,,,,,,,,,,
11,14399,,,,0.7025831341743469,32455.0,1.1682970523834229,-2518.0,15.0,15.0,,,
,14449,,,1454.3676376342773,,,,,,,,,
,14449,,1.8966197967529297,,,,,,,,,,
11,14449,,,,0.700392484664917,32441.0,1.132001519203186,-2546.999755859375,15.0,15.0,,,
,14499,,,1461.2371921539307,,,,,,,,,
,14499,,13.070821762084961,,,,,,,,,,
11,14499,,,,0.6993105411529541,32463.0,1.1480073928833008,-2580.0,15.0,15.0,,,
,14549,,,1452.8441429138184,,,,,,,,,
,14549,,1.903533935546875,,,,,,,,,,
11,14549,,,,0.6989604830741882,32466.0,1.1565861701965332,-2595.0,15.0,15.0,,,
,14599,,,1454.5373916625977,,,,,,,,,
,14599,,10.574579238891602,,,,,,,,,,
11,14599,,,,0.7064371109008789,32469.0,1.143746256828308,-2502.0,15.0,15.0,,,
,14649,,,1469.2416191101074,,,,,,,,,
,14649,,1.9118785858154297,,,,,,,,,,
11,14649,,,,0.6965560913085938,32464.0,1.1529791355133057,-2395.999755859375,15.0,15.0,,,
,14699,,,1455.0421237945557,,,,,,,,,
,14699,,10.684728622436523,,,,,,,,,,
11,14699,,,,0.6936887502670288,32460.0,1.1349823474884033,-2386.0,15.0,15.0,,,
,14749,,,1470.8924293518066,,,,,,,,,
,14749,,2.490520477294922,,,,,,,,,,
11,14749,,,,0.6924447417259216,32462.0,1.1355273723602295,-2461.0,15.0,15.0,,,
,14799,,,1458.1449031829834,,,,,,,,,
,14799,,10.896921157836914,,,,,,,,,,
11,14799,,,,0.6911963224411011,32466.0,1.151588797569275,-2498.999755859375,15.0,15.0,,,
,14849,,,1459.0833187103271,,,,,,,,,
,14849,,1.9969940185546875,,,,,,,,,,
11,14849,,,,0.6967995166778564,32468.0,1.1600627899169922,-2523.999755859375,15.0,15.0,,,
,14899,,,1465.6879901885986,,,,,,,,,
,14899,,10.946035385131836,,,,,,,,,,
11,14899,,,,0.697955310344696,32464.0,1.1452739238739014,-2458.000244140625,15.0,15.0,,,
,14949,,,1450.6821632385254,,,,,,,,,
,14949,,1.9159317016601562,,,,,,,,,,
11,14949,,,,0.7006661295890808,32453.0,1.1637791395187378,-2490.000244140625,15.0,15.0,,,
,14999,,,1471.6908931732178,,,,,,,,,
,14999,,9.813785552978516,,,,,,,,,,
11,14999,,,,0.6982817053794861,32453.0,1.1385548114776611,-2403.0,15.0,15.0,,,
11,14999,,,,,,,,,,7.5945143699646,2632.199951171875,-2632.199951171875
,15000,1896.5457820892334,,,,,,,,,,,
,15049,,,1462.2688293457031,,,,,,,,,
,15049,,1.9459724426269531,,,,,,,,,,
12,15049,,,,0.7006299495697021,32458.0,1.1461786031723022,-2507.0,15.0,15.0,,,
,15099,,,1451.460599899292,,,,,,,,,
,15099,,10.74075698852539,,,,,,,,,,
12,15099,,,,0.6927464604377747,32451.0,1.1490964889526367,-2352.000244140625,15.0,15.0,,,
,15149,,,1480.079174041748,,,,,,,,,
,15149,,1.8701553344726562,,,,,,,,,,
12,15149,,,,0.703033447265625,32464.0,1.1330915689468384,-2488.999755859375,15.0,15.0,,,
,15199,,,1464.5740985870361,,,,,,,,,
,15199,,10.087966918945312,,,,,,,,,,
12,15199,,,,0.7021421790122986,32460.0,1.1398611068725586,-2420.999755859375,15.0,15.0,,,
,15249,,,1451.730489730835,,,,,,,,,
,15249,,2.0470619201660156,,,,,,,,,,
12,15249,,,,0.7035306692123413,32448.0,1.1399335861206055,-2556.0,15.0,15.0,,,
,15299,,,1457.5884342193604,,,,,,,,,
,15299,,10.608911514282227,,,,,,,,,,
12,15299,,,,0.6945873498916626,32449.0,1.1511683464050293,-2496.0,15.0,15.0,,,
,15349,,,1458.7762355804443,,,,,,,,,
,15349,,1.9068717956542969,,,,,,,,,,
12,15349,,,,0.6978038549423218,32473.0,1.1730914115905762,-2497.999755859375,15.0,15.0,,,
,15399,,,1455.8255672454834,,,,,,,,,
,15399,,9.521484375,,,,,,,,,,
12,15399,,,,0.7013069987297058,32466.0,1.1586735248565674,-2587.999755859375,15.0,15.0,,,
,15449,,,1447.572946548462,,,,,,,,,
,15449,,1.8339157104492188,,,,,,,,,,
12,15449,,,,0.697449266910553,32468.0,1.1426050662994385,-2574.999755859375,15.0,15.0,,,
,15499,,,1468.0311679840088,,,,,,,,,
,15499,,10.274648666381836,,,,,,,,,,
12,15499,,,,0.7001818418502808,32460.0,1.1663442850112915,-2471.999755859375,15.0,15.0,,,
,15549,,,1450.8955478668213,,,,,,,,,
,15549,,1.882314682006836,,,,,,,,,,
12,15549,,,,0.6999354362487793,32475.0,1.179941177368164,-2564.00048828125,15.0,15.0,,,
,15599,,,1512.8953456878662,,,,,,,,,
,15599,,12.936115264892578,,,,,,,,,,
12,15599,,,,0.6971926093101501,32464.0,1.1619298458099365,-2483.999755859375,15.0,15.0,,,
,15649,,,1461.1027240753174,,,,,,,,,
,15649,,1.9066333770751953,,,,,,,,,,
12,15649,,,,0.7001681923866272,32471.0,1.164624571800232,-2509.0,15.0,15.0,,,
,15699,,,1454.3490409851074,,,,,,,,,
,15699,,10.721206665039062,,,,,,,,,,
12,15699,,,,0.7003774046897888,32448.0,1.1558876037597656,-2373.999755859375,15.0,15.0,,,
,15749,,,1467.2658443450928,,,,,,,,,
,15749,,1.9223690032958984,,,,,,,,,,
12,15749,,,,0.6930415034294128,32464.0,1.1506584882736206,-2571.0,15.0,15.0,,,
,15799,,,1460.5271816253662,,,,,,,,,
,15799,,10.95890998840332,,,,,,,,,,
12,15799,,,,0.706736147403717,32454.0,1.144054651260376,-2480.0,15.0,15.0,,,
,15849,,,1492.4113750457764,,,,,,,,,
,15849,,5.54203987121582,,,,,,,,,,
12,15849,,,,0.6983360648155212,32474.0,1.1523573398590088,-2572.99951171875,15.0,15.0,,,
,15899,,,1458.1806659698486,,,,,,,,,
,15899,,10.369300842285156,,,,,,,,,,
12,15899,,,,0.7006272077560425,32463.0,1.1545921564102173,-2537.0,15.0,15.0,,,
,15949,,,1482.3427200317383,,,,,,,,,
,15949,,1.9350051879882812,,,,,,,,,,
12,15949,,,,0.6977911591529846,32457.0,1.15705144405365,-2505.0,15.0,15.0,,,
,15999,,,1463.1874561309814,,,,,,,,,
,15999,,10.733604431152344,,,,,,,,,,
12,15999,,,,0.7027423977851868,32453.0,1.1545315980911255,-2464.0,15.0,15.0,,,
,16049,,,1460.2315425872803,,,,,,,,,
,16049,,2.0210742950439453,,,,,,,,,,
12,16049,,,,0.6981982588768005,32422.0,1.1691657304763794,-2603.0,15.0,15.0,,,
,16099,,,1453.2511234283447,,,,,,,,,
,16099,,10.400772094726562,,,,,,,,,,
12,16099,,,,0.6955400705337524,32457.0,1.1374428272247314,-2476.000244140625,15.0,15.0,,,
,16149,,,1458.0612182617188,,,,,,,,,
,16149,,1.859903335571289,,,,,,,,,,
12,16149,,,,0.6870123147964478,32474.0,1.1526637077331543,-2625.000244140625,15.0,15.0,,,
,16199,,,1469.46382522583,,,,,,,,,
,16199,,10.410547256469727,,,,,,,,,,
12,16199,,,,0.7045810222625732,32464.0,1.1559054851531982,-2484.99951171875,15.0,15.0,,,
,16249,,,1462.578535079956,,,,,,,,,
,16249,,2.424955368041992,,,,,,,,,,
12,16249,,,,0.6993463635444641,32464.0,1.1511967182159424,-2501.0,15.0,15.0,,,
12,16249,,,,,,,,,,8.08767318725586,2644.18994140625,-2644.18994140625
,16250,1888.970999956131,,,,,,,,,,,
,16299,,,1489.088773727417,,,,,,,,,
,16299,,10.499238967895508,,,,,,,,,,
13,16299,,,,0.698742151260376,32464.0,1.1517829895019531,-2581.0,15.0,15.0,,,
,16349,,,1467.0791625976562,,,,,,,,,
,16349,,3.176450729370117,,,,,,,,,,
13,16349,,,,0.6967108845710754,32445.0,1.1465487480163574,-2536.0,15.0,15.0,,,
,16399,,,1458.6427211761475,,,,,,,,,
,16399,,10.263204574584961,,,,,,,,,,
13,16399,,,,0.6943564414978027,32455.0,1.1500537395477295,-2545.999755859375,15.0,15.0,,,
,16449,,,1463.745355606079,,,,,,,,,
,16449,,1.9006729125976562,,,,,,,,,,
13,16449,,,,0.6968516707420349,32452.0,1.142300009727478,-2416.0,15.0,15.0,,,
,16499,,,1479.2039394378662,,,,,,,,,
,16499,,10.607242584228516,,,,,,,,,,
13,16499,,,,0.6984392404556274,32455.0,1.1394801139831543,-2528.0,15.0,15.0,,,
,16549,,,1503.6602020263672,,,,,,,,,
,16549,,4.40526008605957,,,,,,,,,,
13,16549,,,,0.6932753920555115,32470.0,1.1710724830627441,-2536.0,15.0,15.0,,,
,16599,,,1459.9649906158447,,,,,,,,,
,16599,,10.713338851928711,,,,,,,,,,
13,16599,,,,0.7034299373626709,32462.0,1.1457102298736572,-2516.999755859375,15.0,15.0,,,
,16649,,,1473.3619689941406,,,,,,,,,
,16649,,1.9254684448242188,,,,,,,,,,
13,16649,,,,0.6974201202392578,32468.0,1.1625043153762817,-2477.0,15.0,15.0,,,
,16699,,,1464.8995399475098,,,,,,,,,
,16699,,10.590553283691406,,,,,,,,,,
13,16699,,,,0.6909956932067871,32474.0,1.145216464996338,-2501.999755859375,15.0,15.0,,,
,16749,,,1479.5327186584473,,,,,,,,,
,16749,,1.9464492797851562,,,,,,,,,,
13,16749,,,,0.7076048851013184,32467.0,1.1388804912567139,-2511.999755859375,15.0,15.0,,,
,16799,,,1468.4946537017822,,,,,,,,,
,16799,,10.834455490112305,,,,,,,,,,
13,16799,,,,0.6991866230964661,32457.0,1.136979103088379,-2423.0,15.0,15.0,,,
,16849,,,1479.4516563415527,,,,,,,,,
,16849,,1.9848346710205078,,,,,,,,,,
13,16849,,,,0.705082893371582,32461.0,1.1672985553741455,-2515.0,15.0,15.0,,,
,16899,,,1468.1823253631592,,,,,,,,,
,16899,,10.628700256347656,,,,,,,,,,
13,16899,,,,0.6994777917861938,32465.0,1.163339614868164,-2473.000244140625,15.0,15.0,,,
,16949,,,1473.3126163482666,,,,,,,,,
,16949,,1.9507408142089844,,,,,,,,,,
13,16949,,,,0.7000430226325989,32472.0,1.1779634952545166,-2510.999755859375,15.0,15.0,,,
,16999,,,1465.9984111785889,,,,,,,,,
,16999,,10.174274444580078,,,,,,,,,,
13,16999,,,,0.6957598328590393,32448.0,1.1459736824035645,-2449.0,15.0,15.0,,,
,17049,,,1478.8157939910889,,,,,,,,,
,17049,,1.9423961639404297,,,,,,,,,,
13,17049,,,,0.7015030980110168,32451.0,1.1488492488861084,-2427.999755859375,15.0,15.0,,,
,17099,,,1469.8007106781006,,,,,,,,,
,17099,,10.254383087158203,,,,,,,,,,
13,17099,,,,0.69801926612854,32462.0,1.1542747020721436,-2533.000244140625,15.0,15.0,,,
,17149,,,1476.4983654022217,,,,,,,,,
,17149,,1.9211769104003906,,,,,,,,,,
13,17149,,,,0.6975043416023254,32469.0,1.150465726852417,-2507.0,15.0,15.0,,,
,17199,,,1466.9311046600342,,,,,,,,,
,17199,,10.623931884765625,,,,,,,,,,
13,17199,,,,0.693916916847229,32459.0,1.1661673784255981,-2383.000244140625,15.0,15.0,,,
,17249,,,1462.310552597046,,,,,,,,,
,17249,,1.8620491027832031,,,,,,,,,,
13,17249,,,,0.6959090828895569,32452.0,1.160366177558899,-2532.0,15.0,15.0,,,
,17299,,,1469.2375659942627,,,,,,,,,
,17299,,10.251760482788086,,,,,,,,,,
13,17299,,,,0.6956078410148621,32451.0,1.1484949588775635,-2496.0,15.0,15.0,,,
,17349,,,1468.8332080841064,,,,,,,,,
,17349,,1.974344253540039,,,,,,,,,,
13,17349,,,,0.701779842376709,32467.0,1.1448860168457031,-2564.0,15.0,15.0,,,
,17399,,,1479.8855781555176,,,,,,,,,
,17399,,10.672807693481445,,,,,,,,,,
13,17399,,,,0.7000282406806946,32459.0,1.1671411991119385,-2485.0,15.0,15.0,,,
,17449,,,1460.4113101959229,,,,,,,,,
,17449,,1.8858909606933594,,,,,,,,,,
13,17449,,,,0.6979142427444458,32460.0,1.1581296920776367,-2454.00048828125,15.0,15.0,,,
,17499,,,1464.9546146392822,,,,,,,,,
,17499,,10.648012161254883,,,,,,,,,,
13,17499,,,,0.6976690292358398,32450.0,1.1552283763885498,-2570.000244140625,15.0,15.0,,,
13,17499,,,,,,,,,,8.087215423583984,2644.360107421875,-2644.360107421875
,17500,1903.9126682281494,,,,,,,,,,,
,17549,,,1479.7940254211426,,,,,,,,,
,17549,,2.081632614135742,,,,,,,,,,
14,17549,,,,0.6986635327339172,32468.0,1.167090892791748,-2496.999755859375,15.0,15.0,,,
,17599,,,1470.686912536621,,,,,,,,,
,17599,,10.83993911743164,,,,,,,,,,
14,17599,,,,0.7132840156555176,32462.0,1.1425864696502686,-2406.999755859375,15.0,15.0,,,
,17649,,,1470.956563949585,,,,,,,,,
,17649,,1.9447803497314453,,,,,,,,,,
14,17649,,,,0.701610803604126,32448.0,1.1375675201416016,-2484.0,15.0,15.0,,,
,17699,,,1468.4481620788574,,,,,,,,,
,17699,,10.228872299194336,,,,,,,,,,
14,17699,,,,0.7011662125587463,32468.0,1.1346688270568848,-2563.999755859375,15.0,15.0,,,
,17749,,,1473.7129211425781,,,,,,,,,
,17749,,1.9619464874267578,,,,,,,,,,
14,17749,,,,0.7038109302520752,32454.0,1.155380368232727,-2454.000244140625,15.0,15.0,,,
,17799,,,1471.2388515472412,,,,,,,,,
,17799,,10.77723503112793,,,,,,,,,,
14,17799,,,,0.7014092803001404,32469.0,1.1293118000030518,-2523.999755859375,15.0,15.0,,,
,17849,,,1467.3776626586914,,,,,,,,,
,17849,,1.920461654663086,,,,,,,,,,
14,17849,,,,0.6936514377593994,32454.0,1.1600124835968018,-2579.999755859375,15.0,15.0,,,
,17899,,,1467.9160118103027,,,,,,,,,
,17899,,10.256290435791016,,,,,,,,,,
14,17899,,,,0.6995910406112671,32462.0,1.1311399936676025,-2554.0,15.0,15.0,,,
,17949,,,1482.8269481658936,,,,,,,,,
,17949,,1.9114017486572266,,,,,,,,,,
14,17949,,,,0.6971210837364197,32449.0,1.150842308998108,-2652.999755859375,15.0,15.0,,,
,17999,,,1471.0371494293213,,,,,,,,,
,17999,,10.214567184448242,,,,,,,,,,
14,17999,,,,0.701034665107727,32459.0,1.1435399055480957,-2486.0,15.0,15.0,,,
,18049,,,1501.9516944885254,,,,,,,,,
,18049,,2.81524658203125,,,,,,,,,,
14,18049,,,,0.6964189410209656,32453.0,1.1479520797729492,-2517.999755859375,15.0,15.0,,,
,18099,,,1471.062183380127,,,,,,,,,
,18099,,17.779111862182617,,,,,,,,,,
14,18099,,,,0.6959885358810425,32463.0,1.1640504598617554,-2550.0,15.0,15.0,,,
,18149,,,1478.8405895233154,,,,,,,,,
,18149,,2.0618438720703125,,,,,,,,,,
14,18149,,,,0.69371098279953,32463.0,1.1599575281143188,-2492.0,15.0,15.0,,,
,18199,,,1473.1996059417725,,,,,,,,,
,18199,,10.166645050048828,,,,,,,,,,
14,18199,,,,0.693306565284729,32464.0,1.1713175773620605,-2538.0,15.0,15.0,,,
,18249,,,1467.020034790039,,,,,,,,,
,18249,,1.9457340240478516,,,,,,,,,,
14,18249,,,,0.7046330571174622,32467.0,1.1834914684295654,-2498.0,15.0,15.0,,,
,18299,,,1479.2938232421875,,,,,,,,,
,18299,,11.128902435302734,,,,,,,,,,
14,18299,,,,0.6985490322113037,32459.0,1.1506181955337524,-2353.0,15.0,15.0,,,
,18349,,,1476.2554168701172,,,,,,,,,
,18349,,5.571603775024414,,,,,,,,,,
14,18349,,,,0.6976344585418701,32457.0,1.1476386785507202,-2586.0,15.0,15.0,,,
,18399,,,1474.353551864624,,,,,,,,,
,18399,,12.36271858215332,,,,,,,,,,
14,18399,,,,0.7002970576286316,32465.0,1.1841455698013306,-2549.0,15.0,15.0,,,
,18449,,,1486.2802028656006,,,,,,,,,
,18449,,5.242109298706055,,,,,,,,,,
14,18449,,,,0.7006944417953491,32464.0,1.1284620761871338,-2412.0,15.0,15.0,,,
,18499,,,1474.1358757019043,,,,,,,,,
,18499,,15.713691711425781,,,,,,,,,,
14,18499,,,,0.6995907425880432,32457.0,1.157660722732544,-2460.999755859375,15.0,15.0,,,
,18549,,,1474.3847846984863,,,,,,,,,
,18549,,2.0422935485839844,,,,,,,,,,
14,18549,,,,0.70855313539505,32449.0,1.1606183052062988,-2533.000244140625,15.0,15.0,,,
,18599,,,1745.2092170715332,,,,,,,,,
,18599,,13.996601104736328,,,,,,,,,,
14,18599,,,,0.7003604173660278,32478.0,1.1576282978057861,-2566.000244140625,15.0,15.0,,,
,18649,,,1476.7909049987793,,,,,,,,,
,18649,,1.9674301147460938,,,,,,,,,,
14,18649,,,,0.695302426815033,32465.0,1.1468966007232666,-2506.999755859375,15.0,15.0,,,
,18699,,,1469.0020084381104,,,,,,,,,
,18699,,10.276317596435547,,,,,,,,,,
14,18699,,,,0.699341893196106,32465.0,1.1575678586959839,-2558.999755859375,15.0,15.0,,,
,18749,,,1470.1709747314453,,,,,,,,,
,18749,,1.9443035125732422,,,,,,,,,,
14,18749,,,,0.6985665559768677,32455.0,1.1461882591247559,-2535.0,15.0,15.0,,,
14,18749,,,,,,,,,,7.934284210205078,2640.330078125,-2640.330078125
,18750,1916.2470557689667,,,,,,,,,,,
,18799,,,1473.0613231658936,,,,,,,,,
,18799,,10.346174240112305,,,,,,,,,,
15,18799,,,,0.6985244154930115,32467.0,1.1623265743255615,-2653.999755859375,15.0,15.0,,,
,18849,,,1467.0073986053467,,,,,,,,,
,18849,,1.9464492797851562,,,,,,,,,,
15,18849,,,,0.6973413825035095,32447.0,1.1263084411621094,-2382.0,15.0,15.0,,,
,18899,,,1497.6511001586914,,,,,,,,,
,18899,,16.505956649780273,,,,,,,,,,
15,18899,,,,0.6993963718414307,32457.0,1.138308048248291,-2583.0,15.0,15.0,,,
,18949,,,1469.8338508605957,,,,,,,,,
,18949,,2.4771690368652344,,,,,,,,,,
15,18949,,,,0.7019392848014832,32468.0,1.1716523170471191,-2520.0,15.0,15.0,,,
,18999,,,1738.6984825134277,,,,,,,,,
,18999,,13.004779815673828,,,,,,,,,,
15,18999,,,,0.6996409296989441,32469.0,1.1301751136779785,-2592.99951171875,15.0,15.0,,,
,19049,,,1467.1378135681152,,,,,,,,,
,19049,,3.6940574645996094,,,,,,,,,,
15,19049,,,,0.6924880146980286,32461.0,1.149887204170227,-2611.0,15.0,15.0,,,
,19099,,,1464.0398025512695,,,,,,,,,
,19099,,10.739564895629883,,,,,,,,,,
15,19099,,,,0.698519229888916,32456.0,1.1440932750701904,-2536.0,15.0,15.0,,,
,19149,,,1466.1855697631836,,,,,,,,,
,19149,,2.6025772094726562,,,,,,,,,,
15,19149,,,,0.6999666690826416,32468.0,1.1664754152297974,-2568.999755859375,15.0,15.0,,,
,19199,,,1474.5419025421143,,,,,,,,,
,19199,,12.178659439086914,,,,,,,,,,
15,19199,,,,0.7009130716323853,32455.0,1.1455415487289429,-2512.000244140625,15.0,15.0,,,
,19249,,,1468.0225849151611,,,,,,,,,
,19249,,1.941680908203125,,,,,,,,,,
15,19249,,,,0.7021766901016235,32462.0,1.1603801250457764,-2472.000244140625,15.0,15.0,,,
,19299,,,1464.620590209961,,,,,,,,,
,19299,,10.670900344848633,,,,,,,,,,
15,19299,,,,0.7052122950553894,32451.0,1.128486156463623,-2469.999755859375,15.0,15.0,,,
,19349,,,1470.130443572998,,,,,,,,,
,19349,,1.8994808197021484,,,,,,,,,,
15,19349,,,,0.7011579871177673,32459.0,1.1478362083435059,-2630.999755859375,15.0,15.0,,,
,19399,,,1468.0039882659912,,,,,,,,,
,19399,,15.757322311401367,,,,,,,,,,
15,19399,,,,0.7016316056251526,32466.0,1.1438963413238525,-2591.999755859375,15.0,15.0,,,
,19449,,,1469.8271751403809,,,,,,,,,
,19449,,1.992940902709961,,,,,,,,,,
15,19449,,,,0.7004543542861938,32474.0,1.1641819477081299,-2551.0,15.0,15.0,,,
,19499,,,1461.6892337799072,,,,,,,,,
,19499,,10.190725326538086,,,,,,,,,,
15,19499,,,,0.6958222389221191,32461.0,1.1770036220550537,-2465.999755859375,15.0,15.0,,,
,19549,,,1472.672700881958,,,,,,,,,
,19549,,4.561901092529297,,,,,,,,,,
15,19549,,,,0.6977207064628601,32461.0,1.1467585563659668,-2374.000244140625,15.0,15.0,,,
,19599,,,1477.503776550293,,,,,,,,,
,19599,,16.32237434387207,,,,,,,,,,
15,19599,,,,0.6936385035514832,32443.0,1.1539268493652344,-2580.0,15.0,15.0,,,
,19649,,,1485.5341911315918,,,,,,,,,
,19649,,4.961490631103516,,,,,,,,,,
15,19649,,,,0.6961738467216492,32476.0,1.1626300811767578,-2404.0,15.0,15.0,,,
,19699,,,1477.217674255371,,,,,,,,,
,19699,,19.107818603515625,,,,,,,,,,
15,19699,,,,0.6986923217773438,32452.0,1.141180157661438,-2501.0,15.0,15.0,,,
,19749,,,1475.7866859436035,,,,,,,,,
,19749,,1.9631385803222656,,,,,,,,,,
15,19749,,,,0.688848614692688,32460.0,1.1631793975830078,-2621.999755859375,15.0,15.0,,,
,19799,,,1489.802598953247,,,,,,,,,
,19799,,10.401010513305664,,,,,,,,,,
15,19799,,,,0.6906191110610962,32461.0,1.1497735977172852,-2563.0,15.0,15.0,,,
,19849,,,1485.4247570037842,,,,,,,,,
,19849,,2.5506019592285156,,,,,,,,,,
15,19849,,,,0.694706380367279,32457.0,1.151655912399292,-2391.000732421875,15.0,15.0,,,
,19899,,,1486.6814613342285,,,,,,,,,
,19899,,11.020898818969727,,,,,,,,,,
15,19899,,,,0.6972586512565613,32464.0,1.1566189527511597,-2504.999755859375,15.0,15.0,,,
,19949,,,1490.3490543365479,,,,,,,,,
,19949,,1.9354820251464844,,,,,,,,,,
15,19949,,,,0.7002363204956055,32415.0,1.135990023612976,-2529.0,15.0,15.0,,,
,19999,,,1475.4180908203125,,,,,,,,,
,19999,,10.373830795288086,,,,,,,,,,
15,19999,,,,0.6953914761543274,32452.0,1.1286838054656982,-2673.999755859375,15.0,15.0,,,
15,19999,,,,,,,,,,7.887893199920654,2639.35009765625,-2639.35009765625
,20000,1910.9043469429016,,,,,,,,,,,
,20049,,,1478.304147720337,,,,,,,,,
,20049,,1.935720443725586,,,,,,,,,,
16,20049,,,,0.6939883828163147,32445.0,1.1573790311813354,-2498.0,15.0,15.0,,,
,20099,,,1481.5752506256104,,,,,,,,,
,20099,,10.820865631103516,,,,,,,,,,
16,20099,,,,0.694746196269989,32474.0,1.1513192653656006,-2566.000244140625,15.0,15.0,,,
,20149,,,1479.391098022461,,,,,,,,,
,20149,,5.310297012329102,,,,,,,,,,
16,20149,,,,0.6969717741012573,32447.0,1.1592071056365967,-2636.000244140625,15.0,15.0,,,
,20199,,,1494.3151473999023,,,,,,,,,
,20199,,10.63394546508789,,,,,,,,,,
16,20199,,,,0.7004382014274597,32466.0,1.1636871099472046,-2538.0,15.0,15.0,,,
,20249,,,1478.548288345337,,,,,,,,,
,20249,,1.9254684448242188,,,,,,,,,,
16,20249,,,,0.6982418894767761,32457.0,1.1427803039550781,-2568.999755859375,15.0,15.0,,,
,20299,,,1479.6535968780518,,,,,,,,,
,20299,,10.189294815063477,,,,,,,,,,
16,20299,,,,0.691331684589386,32443.0,1.1712136268615723,-2535.000244140625,15.0,15.0,,,
,20349,,,1746.577262878418,,,,,,,,,
,20349,,2.0923614501953125,,,,,,,,,,
16,20349,,,,0.6972284913063049,32474.0,1.1516139507293701,-2654.000244140625,15.0,15.0,,,
,20399,,,1476.5491485595703,,,,,,,,,
,20399,,10.733366012573242,,,,,,,,,,
16,20399,,,,0.7003517150878906,32445.0,1.1693298816680908,-2322.000244140625,15.0,15.0,,,
,20449,,,1474.9763011932373,,,,,,,,,
,20449,,1.9388198852539062,,,,,,,,,,
16,20449,,,,0.6988629698753357,32456.0,1.1450905799865723,-2590.0,15.0,15.0,,,
,20499,,,1489.5813465118408,,,,,,,,,
,20499,,10.73598861694336,,,,,,,,,,
16,20499,,,,0.6991918683052063,32422.0,1.1647310256958008,-2361.999755859375,15.0,15.0,,,
,20549,,,1482.9623699188232,,,,,,,,,
,20549,,2.653360366821289,,,,,,,,,,
16,20549,,,,0.7031084895133972,32444.0,1.1731845140457153,-2567.000244140625,15.0,15.0,,,
,20599,,,1469.9382781982422,,,,,,,,,
,20599,,10.652542114257812,,,,,,,,,,
16,20599,,,,0.6908355355262756,32463.0,1.1605560779571533,-2527.999755859375,15.0,15.0,,,
,20649,,,1492.7895069122314,,,,,,,,,
,20649,,1.9841194152832031,,,,,,,,,,
16,20649,,,,0.6979507207870483,32469.0,1.168657660484314,-2554.0,15.0,15.0,,,
,20699,,,1468.1811332702637,,,,,,,,,
,20699,,10.713815689086914,,,,,,,,,,
16,20699,,,,0.6926074624061584,32458.0,1.1426658630371094,-2449.0,15.0,15.0,,,
,20749,,,1469.1672325134277,,,,,,,,,
,20749,,1.8854141235351562,,,,,,,,,,
16,20749,,,,0.6900634765625,32459.0,1.170457124710083,-2500.0,15.0,15.0,,,
,20799,,,1471.0040092468262,,,,,,,,,
,20799,,10.17308235168457,,,,,,,,,,
16,20799,,,,0.6964144706726074,32457.0,1.1445837020874023,-2492.0,15.0,15.0,,,
,20849,,,1478.9953231811523,,,,,,,,,
,20849,,1.9114017486572266,,,,,,,,,,
16,20849,,,,0.7049825191497803,32465.0,1.1509230136871338,-2493.000244140625,15.0,15.0,,,
,20899,,,1468.0335521697998,,,,,,,,,
,20899,,10.786294937133789,,,,,,,,,,
16,20899,,,,0.6954774260520935,32467.0,1.136673092842102,-2611.0,15.0,15.0,,,
,20949,,,1472.3834991455078,,,,,,,,,
,20949,,1.8596649169921875,,,,,,,,,,
16,20949,,,,0.7005651593208313,32459.0,1.1317899227142334,-2540.0,15.0,15.0,,,
,20999,,,1482.5642108917236,,,,,,,,,
,20999,,11.725187301635742,,,,,,,,,,
16,20999,,,,0.6952071785926819,32453.0,1.1515486240386963,-2538.00048828125,15.0,15.0,,,
,21049,,,1469.0630435943604,,,,,,,,,
,21049,,1.865386962890625,,,,,,,,,,
16,21049,,,,0.6934857368469238,32452.0,1.1505317687988281,-2442.000244140625,15.0,15.0,,,
,21099,,,1469.2468643188477,,,,,,,,,
,21099,,9.240150451660156,,,,,,,,,,
16,21099,,,,0.6942976117134094,32455.0,1.1449395418167114,-2459.0,15.0,15.0,,,
,21149,,,1700.5336284637451,,,,,,,,,
,21149,,2.1064281463623047,,,,,,,,,,
16,21149,,,,0.6968838572502136,32474.0,1.172485589981079,-2547.00048828125,15.0,15.0,,,
,21199,,,1472.2347259521484,,,,,,,,,
,21199,,10.277032852172852,,,,,,,,,,
16,21199,,,,0.6990963816642761,32466.0,1.1348203420639038,-2335.999755859375,15.0,15.0,,,
,21249,,,1497.7574348449707,,,,,,,,,
,21249,,1.9469261169433594,,,,,,,,,,
16,21249,,,,0.698078989982605,32477.0,1.1471009254455566,-2497.999755859375,15.0,15.0,,,
16,21249,,,,,,,,,,8.31412124633789,2649.760009765625,-2649.760009765625
,21250,1911.2677209377289,,,,,,,,,,,
,21299,,,1471.9669818878174,,,,,,,,,
,21299,,10.596036911010742,,,,,,,,,,
17,21299,,,,0.6986613273620605,32475.0,1.1631883382797241,-2449.0,15.0,15.0,,,
,21349,,,1519.798755645752,,,,,,,,,
,21349,,1.9483566284179688,,,,,,,,,,
17,21349,,,,0.6992475986480713,32465.0,1.1593577861785889,-2283.000244140625,15.0,15.0,,,
,21399,,,1478.1591892242432,,,,,,,,,
,21399,,10.714054107666016,,,,,,,,,,
17,21399,,,,0.6996720433235168,32462.0,1.1236118078231812,-2481.000244140625,15.0,15.0,,,
,21449,,,1469.4101810455322,,,,,,,,,
,21449,,1.9268989562988281,,,,,,,,,,
17,21449,,,,0.7000717520713806,32454.0,1.1381871700286865,-2558.0,15.0,15.0,,,
,21499,,,1476.3133525848389,,,,,,,,,
,21499,,10.677099227905273,,,,,,,,,,
17,21499,,,,0.694597065448761,32471.0,1.1625735759735107,-2554.999755859375,15.0,15.0,,,
,21549,,,1461.4486694335938,,,,,,,,,
,21549,,1.8799304962158203,,,,,,,,,,
17,21549,,,,0.6975964307785034,32460.0,1.1406959295272827,-2609.999755859375,15.0,15.0,,,
,21599,,,1476.6230583190918,,,,,,,,,
,21599,,10.368108749389648,,,,,,,,,,
17,21599,,,,0.7007277011871338,32468.0,1.1552653312683105,-2509.0,15.0,15.0,,,
,21649,,,1466.8288230895996,,,,,,,,,
,21649,,1.9421577453613281,,,,,,,,,,
17,21649,,,,0.6988518834114075,32456.0,1.1466518640518188,-2499.0,15.0,15.0,,,
,21699,,,1471.555233001709,,,,,,,,,
,21699,,10.122299194335938,,,,,,,,,,
17,21699,,,,0.7029353976249695,32469.0,1.1315374374389648,-2595.999755859375,15.0,15.0,,,
,21749,,,1464.6029472351074,,,,,,,,,
,21749,,1.8563270568847656,,,,,,,,,,
17,21749,,,,0.6952417492866516,32448.0,1.1295018196105957,-2479.0,15.0,15.0,,,
,21799,,,1464.1869068145752,,,,,,,,,
,21799,,10.271310806274414,,,,,,,,,,
17,21799,,,,0.6956321001052856,32453.0,1.1751997470855713,-2464.000244140625,15.0,15.0,,,
,21849,,,1463.2601737976074,,,,,,,,,
,21849,,1.88446044921875,,,,,,,,,,
17,21849,,,,0.701291561126709,32456.0,1.1523919105529785,-2414.999755859375,15.0,15.0,,,
,21899,,,1467.797040939331,,,,,,,,,
,21899,,9.140968322753906,,,,,,,,,,
17,21899,,,,0.6933827996253967,32462.0,1.146527886390686,-2588.000244140625,15.0,15.0,,,
,21949,,,1459.1748714447021,,,,,,,,,
,21949,,1.8339157104492188,,,,,,,,,,
17,21949,,,,0.6943520307540894,32463.0,1.1330569982528687,-2575.000244140625,15.0,15.0,,,
,21999,,,1457.8382968902588,,,,,,,,,
,21999,,18.18227767944336,,,,,,,,,,
17,21999,,,,0.6944798231124878,32449.0,1.145878553390503,-2472.0,15.0,15.0,,,
,22049,,,1468.1129455566406,,,,,,,,,
,22049,,1.8608570098876953,,,,,,,,,,
17,22049,,,,0.6912875175476074,32478.0,1.1414775848388672,-2598.000244140625,15.0,15.0,,,
,22099,,,1460.7229232788086,,,,,,,,,
,22099,,10.105133056640625,,,,,,,,,,
17,22099,,,,0.6945318579673767,32461.0,1.1557358503341675,-2488.000244140625,15.0,15.0,,,
,22149,,,1465.4879570007324,,,,,,,,,
,22149,,1.8780231475830078,,,,,,,,,,
17,22149,,,,0.70282381772995,32452.0,1.1481895446777344,-2555.0,15.0,15.0,,,
,22199,,,1461.9193077087402,,,,,,,,,
,22199,,10.221481323242188,,,,,,,,,,
17,22199,,,,0.6905984282493591,32456.0,1.1682050228118896,-2493.00048828125,15.0,15.0,,,
,22249,,,1708.8897228240967,,,,,,,,,
,22249,,2.021312713623047,,,,,,,,,,
17,22249,,,,0.6981077790260315,32459.0,1.1538026332855225,-2429.999755859375,15.0,15.0,,,
,22299,,,1466.850996017456,,,,,,,,,
,22299,,10.663270950317383,,,,,,,,,,
17,22299,,,,0.7052245736122131,32471.0,1.1849308013916016,-2533.999755859375,15.0,15.0,,,
,22349,,,1472.7377891540527,,,,,,,,,
,22349,,0.9140968322753906,,,,,,,,,,
17,22349,,,,0.696765661239624,32461.0,1.1506025791168213,-2625.000244140625,15.0,15.0,,,
,22399,,,1475.3656387329102,,,,,,,,,
,22399,,10.67042350769043,,,,,,,,,,
17,22399,,,,0.7111412882804871,32463.0,1.1412684917449951,-2571.0,15.0,15.0,,,
,22449,,,1465.1217460632324,,,,,,,,,
,22449,,1.8668174743652344,,,,,,,,,,
17,22449,,,,0.6913803815841675,32453.0,1.1455039978027344,-2479.000244140625,15.0,15.0,,,
,22499,,,1469.5839881896973,,,,,,,,,
,22499,,10.573148727416992,,,,,,,,,,
17,22499,,,,0.7003119587898254,32470.0,1.1704943180084229,-2357.000244140625,15.0,15.0,,,
17,22499,,,,,,,,,,7.892404556274414,2639.3798828125,-2639.3798828125
,22500,1897.2861921787262,,,,,,,,,,,
,22549,,,1466.3150310516357,,,,,,,,,
,22549,,1.8837451934814453,,,,,,,,,,
18,22549,,,,0.6962805986404419,32459.0,1.1556742191314697,-2403.0,15.0,15.0,,,
,22599,,,1463.7362957000732,,,,,,,,,
,22599,,17.43769645690918,,,,,,,,,,
18,22599,,,,0.6979019045829773,32458.0,1.1574110984802246,-2382.999755859375,15.0,15.0,,,
,22649,,,1457.4825763702393,,,,,,,,,
,22649,,1.8608570098876953,,,,,,,,,,
18,22649,,,,0.6982359886169434,32470.0,1.1509065628051758,-2437.000244140625,15.0,15.0,,,
,22699,,,1462.897777557373,,,,,,,,,
,22699,,10.153770446777344,,,,,,,,,,
18,22699,,,,0.701259970664978,32474.0,1.144157886505127,-2364.000244140625,15.0,15.0,,,
,22749,,,1473.3548164367676,,,,,,,,,
,22749,,1.9116401672363281,,,,,,,,,,
18,22749,,,,0.698745846748352,32445.0,1.1565258502960205,-2468.0,15.0,15.0,,,
,22799,,,1721.4829921722412,,,,,,,,,
,22799,,10.667800903320312,,,,,,,,,,
18,22799,,,,0.697026252746582,32449.0,1.1494684219360352,-2470.99951171875,15.0,15.0,,,
,22849,,,1466.1962985992432,,,,,,,,,
,22849,,1.8203258514404297,,,,,,,,,,
18,22849,,,,0.6989028453826904,32456.0,1.133491039276123,-2569.0,15.0,15.0,,,
,22899,,,1458.4274291992188,,,,,,,,,
,22899,,10.106801986694336,,,,,,,,,,
18,22899,,,,0.7034058570861816,32465.0,1.1653823852539062,-2439.0,15.0,15.0,,,
,22949,,,1465.67702293396,,,,,,,,,
,22949,,5.43212890625,,,,,,,,,,
18,22949,,,,0.6951048374176025,32458.0,1.1367535591125488,-2515.0,15.0,15.0,,,
,22999,,,1457.5893878936768,,,,,,,,,
,22999,,10.153770446777344,,,,,,,,,,
18,22999,,,,0.6968158483505249,32449.0,1.1460599899291992,-2545.0,15.0,15.0,,,
,23049,,,1462.8081321716309,,,,,,,,,
,23049,,4.880189895629883,,,,,,,,,,
18,23049,,,,0.6959254145622253,32445.0,1.1281453371047974,-2509.0,15.0,15.0,,,
,23099,,,1480.0794124603271,,,,,,,,,
,23099,,10.255098342895508,,,,,,,,,,
18,23099,,,,0.7022706866264343,32451.0,1.1512048244476318,-2233.0,15.0,15.0,,,
,23149,,,1463.270664215088,,,,,,,,,
,23149,,1.8782615661621094,,,,,,,,,,
18,23149,,,,0.6936818957328796,32447.0,1.1346278190612793,-2462.99951171875,15.0,15.0,,,
,23199,,,1468.5194492340088,,,,,,,,,
,23199,,10.644197463989258,,,,,,,,,,
18,23199,,,,0.6961686611175537,32465.0,1.1375768184661865,-2567.999755859375,15.0,15.0,,,
,23249,,,1461.2154960632324,,,,,,,,,
,23249,,1.9109249114990234,,,,,,,,,,
18,23249,,,,0.7000510692596436,32447.0,1.1673557758331299,-2550.0,15.0,15.0,,,
,23299,,,1462.1269702911377,,,,,,,,,
,23299,,10.632991790771484,,,,,,,,,,
18,23299,,,,0.6980068683624268,32453.0,1.136032223701477,-2532.0,15.0,15.0,,,
,23349,,,1466.3712978363037,,,,,,,,,
,23349,,5.163431167602539,,,,,,,,,,
18,23349,,,,0.688809335231781,32441.0,1.17476224899292,-2466.99951171875,15.0,15.0,,,
,23399,,,1476.576328277588,,,,,,,,,
,23399,,10.673284530639648,,,,,,,,,,
18,23399,,,,0.6976951956748962,32450.0,1.1401129961013794,-2559.0,15.0,15.0,,,
,23449,,,1471.1036682128906,,,,,,,,,
,23449,,1.8694400787353516,,,,,,,,,,
18,23449,,,,0.6939785480499268,32460.0,1.1518630981445312,-2564.0,15.0,15.0,,,
,23499,,,1471.4484214782715,,,,,,,,,
,23499,,10.700464248657227,,,,,,,,,,
18,23499,,,,0.6992327570915222,32453.0,1.1373541355133057,-2540.999755859375,15.0,15.0,,,
,23549,,,1467.6291942596436,,,,,,,,,
,23549,,1.9419193267822266,,,,,,,,,,
18,23549,,,,0.6968788504600525,32462.0,1.1380634307861328,-2491.0,15.0,15.0,,,
,23599,,,1729.3975353240967,,,,,,,,,
,23599,,10.905981063842773,,,,,,,,,,
18,23599,,,,0.6915728449821472,32451.0,1.14290189743042,-2545.0,15.0,15.0,,,
,23649,,,1464.3223285675049,,,,,,,,,
,23649,,5.379199981689453,,,,,,,,,,
18,23649,,,,0.6988374590873718,32442.0,1.1325867176055908,-2443.999755859375,15.0,15.0,,,
,23699,,,1462.9921913146973,,,,,,,,,
,23699,,10.11967658996582,,,,,,,,,,
18,23699,,,,0.6962428092956543,32460.0,1.1617481708526611,-2413.0,15.0,15.0,,,
,23749,,,1465.0139808654785,,,,,,,,,
,23749,,1.8868446350097656,,,,,,,,,,
18,23749,,,,0.7029247879981995,32455.0,1.17293119430542,-2452.0,15.0,15.0,,,
18,23749,,,,,,,,,,7.993026256561279,2641.7900390625,-2641.7900390625
,23750,1899.3428494930267,,,,,,,,,,,
,23799,,,1472.8150367736816,,,,,,,,,
,23799,,10.165214538574219,,,,,,,,,,
19,23799,,,,0.691745400428772,32441.0,1.1400691270828247,-2534.000244140625,15.0,15.0,,,
,23849,,,1484.025239944458,,,,,,,,,
,23849,,1.959085464477539,,,,,,,,,,
19,23849,,,,0.701884388923645,32476.0,1.150496482849121,-2504.0,15.0,15.0,,,
,23899,,,1473.311185836792,,,,,,,,,
,23899,,10.196447372436523,,,,,,,,,,
19,23899,,,,0.6956421136856079,32448.0,1.167300820350647,-2385.0,15.0,15.0,,,
,23949,,,1476.895809173584,,,,,,,,,
,23949,,1.8930435180664062,,,,,,,,,,
19,23949,,,,0.6977120637893677,32460.0,1.1514055728912354,-2494.000244140625,15.0,15.0,,,
,23999,,,1487.8315925598145,,,,,,,,,
,23999,,11.164426803588867,,,,,,,,,,
19,23999,,,,0.6940427422523499,32458.0,1.1591851711273193,-2497.999755859375,15.0,15.0,,,
,24049,,,1473.8430976867676,,,,,,,,,
,24049,,2.0995140075683594,,,,,,,,,,
19,24049,,,,0.7001221776008606,32475.0,1.158597707748413,-2410.000244140625,15.0,15.0,,,
,24099,,,1489.1881942749023,,,,,,,,,
,24099,,10.606050491333008,,,,,,,,,,
19,24099,,,,0.6934389472007751,32458.0,1.155029058456421,-2591.0,15.0,15.0,,,
,24149,,,1470.698595046997,,,,,,,,,
,24149,,1.8873214721679688,,,,,,,,,,
19,24149,,,,0.704286515712738,32463.0,1.157306432723999,-2528.0,15.0,15.0,,,
,24199,,,1475.1832485198975,,,,,,,,,
,24199,,10.720252990722656,,,,,,,,,,
19,24199,,,,0.6985267996788025,32446.0,1.161630392074585,-2491.000244140625,15.0,15.0,,,
,24249,,,1477.4856567382812,,,,,,,,,
,24249,,1.9299983978271484,,,,,,,,,,
19,24249,,,,0.692772626876831,32469.0,1.148127794265747,-2467.000244140625,15.0,15.0,,,
,24299,,,1479.7642230987549,,,,,,,,,
,24299,,10.22028923034668,,,,,,,,,,
19,24299,,,,0.6921457052230835,32473.0,1.166295051574707,-2473.000244140625,15.0,15.0,,,
,24349,,,1481.031894683838,,,,,,,,,
,24349,,1.918792724609375,,,,,,,,,,
19,24349,,,,0.7026100158691406,32450.0,1.1475391387939453,-2448.000244140625,15.0,15.0,,,
,24399,,,1468.1544303894043,,,,,,,,,
,24399,,10.275125503540039,,,,,,,,,,
19,24399,,,,0.6977602243423462,32463.0,1.1499128341674805,-2378.00048828125,15.0,15.0,,,
,24449,,,1477.7538776397705,,,,,,,,,
,24449,,1.9562244415283203,,,,,,,,,,
19,24449,,,,0.6973277926445007,32448.0,1.1291601657867432,-2470.0,15.0,15.0,,,
,24499,,,1482.5236797332764,,,,,,,,,
,24499,,10.756492614746094,,,,,,,,,,
19,24499,,,,0.6940314173698425,32456.0,1.141204833984375,-2523.0,15.0,15.0,,,
,24549,,,1473.2575416564941,,,,,,,,,
,24549,,1.8961429595947266,,,,,,,,,,
19,24549,,,,0.6956508159637451,32457.0,1.1644715070724487,-2466.0,15.0,15.0,,,
,24599,,,1469.855785369873,,,,,,,,,
,24599,,10.198593139648438,,,,,,,,,,
19,24599,,,,0.7006343007087708,32460.0,1.141879916191101,-2533.999755859375,15.0,15.0,,,
,24649,,,1474.4384288787842,,,,,,,,,
,24649,,1.8961429595947266,,,,,,,,,,
19,24649,,,,0.6988268494606018,32465.0,1.1626909971237183,-2304.000244140625,15.0,15.0,,,
,24699,,,1472.5255966186523,,,,,,,,,
,24699,,17.484664916992188,,,,,,,,,,
19,24699,,,,0.6988992691040039,32458.0,1.159323811531067,-2634.999755859375,15.0,15.0,,,
,24749,,,1476.9666194915771,,,,,,,,,
,24749,,1.878976821899414,,,,,,,,,,
19,24749,,,,0.6982443332672119,32456.0,1.1421761512756348,-2485.0,15.0,15.0,,,
,24799,,,1488.38472366333,,,,,,,,,
,24799,,10.297298431396484,,,,,,,,,,
19,24799,,,,0.6915014982223511,32463.0,1.1295347213745117,-2436.000244140625,15.0,15.0,,,
,24849,,,1471.613883972168,,,,,,,,,
,24849,,1.9345283508300781,,,,,,,,,,
19,24849,,,,0.6996602416038513,32462.0,1.145007848739624,-2687.0,15.0,15.0,,,
,24899,,,1471.9767570495605,,,,,,,,,
,24899,,10.625600814819336,,,,,,,,,,
19,24899,,,,0.7062459588050842,32461.0,1.1340210437774658,-2543.99951171875,15.0,15.0,,,
,24949,,,1482.4059009552002,,,,,,,,,
,24949,,5.588769912719727,,,,,,,,,,
19,24949,,,,0.69285649061203,32451.0,1.1476356983184814,-2536.0,15.0,15.0,,,
,24999,,,1480.355978012085,,,,,,,,,
,24999,,10.731935501098633,,,,,,,,,,
19,24999,,,,0.6921544075012207,32471.0,1.1490076780319214,-2486.000244140625,15.0,15.0,,,
19,24999,,,,,,,,,,8.169024467468262,2646.199951171875,-2646.199951171875
,25000,1910.8135192394257,,,,,,,,,,,
