subset,anchor,target,condition,method,rho,nn_median,nn_mean,false_skip_mean,false_skip_q90,skipped_mae_mean,ef_distance_rank,ef_top1,ef_top5_overlap
all,scratch,scratch,uniform,one_point,0.34571127805008095,0.007940211486816118,0.06254063516616808,0.15125,0.25,0.06275821796894046,0.9979420530908997,0.975,0.9949999999999999
all,scratch,scratch,uniform,euclidean_two_point,0.3484841133399146,0.007940211486816118,0.06251394950866691,0.19,0.25,0.06304425382661798,0.9979420530908997,0.975,0.9949999999999999
all,scratch,scratch,uniform,fisher_two_point,0.33577960946152924,0.007940211486816118,0.06251246543884267,0.110625,0.25,0.005608189256667978,0.9979420530908997,0.975,0.9949999999999999
all,scratch,warm,uniform,one_point,0.31270369660712644,0.0015692779541014445,0.055268421916961706,0.125,0.125,0.02731278730535498,0.9979420530908997,0.975,0.9949999999999999
all,scratch,warm,uniform,euclidean_two_point,0.3161499316609267,0.0013301193237307274,0.05520663360595708,0.125,0.125,0.02722192233085623,0.9979420530908997,0.975,0.9949999999999999
all,scratch,warm,uniform,fisher_two_point,0.3046931172874805,0.0012177814483642635,0.05519225690841682,0.0,0.0,0.0010439612307546102,0.9979420530908997,0.975,0.9949999999999999
all,scratch,scratch,anchor_is,one_point,0.5850285106542535,0.010719831085205023,0.11096927555084221,0.065,0.125,0.004981000824451299,0.9964881225880902,0.925,0.96
all,scratch,scratch,anchor_is,euclidean_two_point,0.5900311253765751,0.010719831085205023,0.11423139699935907,0.035625,0.125,0.004671112567901434,0.9964881225880902,0.925,0.96
all,scratch,scratch,anchor_is,fisher_two_point,0.5864293553925489,0.010719831085205023,0.13411305143356317,0.035625,0.125,0.004671112567901434,0.9964881225880902,0.925,0.96
all,scratch,warm,anchor_is,one_point,0.6023729491238707,0.001270948791503912,0.0890309471893311,0.0,0.0,0.0009386231565474062,0.9964881225880902,0.925,0.96
all,scratch,warm,anchor_is,euclidean_two_point,0.6063732372756218,0.001270948791503912,0.09580880098342903,0.0,0.0,0.0009615241618155401,0.9964881225880902,0.925,0.96
all,scratch,warm,anchor_is,fisher_two_point,0.5995126949623312,0.0016396430969241038,0.10438392198562627,0.0,0.0,0.0009615241618155401,0.9964881225880902,0.925,0.96
all,scratch,scratch,all_pair_endpoint,one_point,0.4116191423301711,0.007940211486816118,0.056353469886779736,0.19,0.25,0.06304425382661798,0.9957712943720441,0.95,0.9650000000000001
all,scratch,scratch,all_pair_endpoint,euclidean_two_point,0.39762901548357676,0.007940211486816118,0.06244701492309561,0.19,0.25,0.06304425382661798,0.9957712943720441,0.95,0.9650000000000001
all,scratch,scratch,all_pair_endpoint,fisher_two_point,0.39026063138318523,0.007940211486816118,0.06251246543884267,0.110625,0.25,0.005608189256667978,0.9957712943720441,0.95,0.9650000000000001
all,scratch,warm,all_pair_endpoint,one_point,0.37697444790528556,0.0013301193237307274,0.03461321109771733,0.125,0.125,0.02722192233085623,0.9957712943720441,0.95,0.9650000000000001
all,scratch,warm,all_pair_endpoint,euclidean_two_point,0.36089391128449294,0.0013301193237307274,0.055229189968109174,0.125,0.125,0.02722192233085623,0.9957712943720441,0.95,0.9650000000000001
all,scratch,warm,all_pair_endpoint,fisher_two_point,0.35281121502156193,0.0012177814483642635,0.05519225690841682,0.0,0.0,0.0010439612307546102,0.9957712943720441,0.95,0.9650000000000001
all,scratch,scratch,gap_endpoint,one_point,0.43791352844996434,0.008205457687378015,0.040374573650360145,0.1425,0.25,0.006277219185829055,0.9941953061144919,0.975,0.9650000000000001
all,scratch,scratch,gap_endpoint,euclidean_two_point,0.4213957086607816,0.008205457687378015,0.06321230783462514,0.1125,0.25,0.005826612677574051,0.9941953061144919,0.975,0.9650000000000001
all,scratch,scratch,gap_endpoint,fisher_two_point,0.4152951522163305,0.008205457687378015,0.06314685731887808,0.1425,0.25,0.006161757025718565,0.9941953061144919,0.975,0.9650000000000001
all,scratch,warm,gap_endpoint,one_point,0.40223760640966083,0.0015486171722414177,0.0377787135696412,0.0,0.0,0.0010246529479024512,0.9941953061144919,0.975,0.9650000000000001
all,scratch,warm,gap_endpoint,euclidean_two_point,0.3843542386587967,0.0011161869049072237,0.05525530580520639,0.0,0.0,0.0009854421062467378,0.9941953061144919,0.975,0.9650000000000001
all,scratch,warm,gap_endpoint,fisher_two_point,0.37513664823245507,0.0011161869049072237,0.05524712614059455,0.0,0.0,0.0009857432231900908,0.9941953061144919,0.975,0.9650000000000001
all,scratch,scratch,anchor_gap_endpoint,one_point,0.5868918380592366,0.010719831085205023,0.1110457855796813,0.065,0.125,0.004981000824451299,0.9967791278219224,0.9,0.9549999999999998
all,scratch,scratch,anchor_gap_endpoint,euclidean_two_point,0.5921654911991346,0.010719831085205023,0.11422373655319207,0.035625,0.125,0.004786574728011925,0.9967791278219224,0.9,0.9549999999999998
all,scratch,scratch,anchor_gap_endpoint,fisher_two_point,0.5902599281276549,0.010719831085205023,0.13418926557540883,0.035625,0.125,0.004671112567901434,0.9967791278219224,0.9,0.9549999999999998
all,scratch,warm,anchor_gap_endpoint,one_point,0.6024566847226276,0.001270948791503912,0.08921500671386721,0.0,0.0,0.0009386231565474062,0.9967791278219224,0.9,0.9549999999999998
all,scratch,warm,anchor_gap_endpoint,euclidean_two_point,0.606891760343657,0.0016396430969241038,0.09602147459030157,0.0,0.0,0.0010004338865279006,0.9967791278219224,0.9,0.9549999999999998
all,scratch,warm,anchor_gap_endpoint,fisher_two_point,0.6011186309629498,0.001270948791503912,0.10453304815292361,0.0,0.0,0.0009615241618155401,0.9967791278219224,0.9,0.9549999999999998
all,scratch,scratch,anchor_hard_endpoint,one_point,0.5670410512934033,0.010719831085205023,0.11181687786102287,0.065,0.125,0.004981000824451299,0.996512563420641,0.925,0.9550000000000001
all,scratch,scratch,anchor_hard_endpoint,euclidean_two_point,0.5647277583692082,0.010719831085205023,0.11684412851333614,0.035625,0.125,0.004786574728011925,0.996512563420641,0.925,0.9550000000000001
all,scratch,scratch,anchor_hard_endpoint,fisher_two_point,0.568754305244955,0.010719831085205023,0.1348761873817443,0.035625,0.125,0.004786574728011925,0.996512563420641,0.925,0.9550000000000001
all,scratch,warm,anchor_hard_endpoint,one_point,0.5891642575077395,0.001270948791503912,0.08902006502151494,0.0,0.0,0.0009386231565474062,0.996512563420641,0.925,0.9550000000000001
all,scratch,warm,anchor_hard_endpoint,euclidean_two_point,0.5857876735634051,0.0016396430969241038,0.10161514328002937,0.0,0.0,0.0010004338865279006,0.996512563420641,0.925,0.9550000000000001
all,scratch,warm,anchor_hard_endpoint,fisher_two_point,0.5863392463115586,0.0016396430969241038,0.10436672054290777,0.0,0.0,0.0010004338865279006,0.996512563420641,0.925,0.9550000000000001
all,warm,scratch,uniform,one_point,0.3907270997639943,0.008205457687378015,0.05250386209487905,0.15125,0.25,0.06275821796894046,0.9997463072629358,0.95,0.97
all,warm,scratch,uniform,euclidean_two_point,0.38847929737564535,0.008205457687378015,0.05273281600952142,0.19,0.25,0.06304425382661798,0.9997463072629358,0.95,0.97
all,warm,scratch,uniform,fisher_two_point,0.3910412105670753,0.008205457687378015,0.05256210769653311,0.065,0.125,0.004777412957191354,0.9997463072629358,0.95,0.97
all,warm,warm,uniform,one_point,0.3907860945315908,0.0016681964874267763,0.028043471698761,0.125,0.125,0.02731278730535498,0.9997463072629358,0.95,0.97
all,warm,warm,uniform,euclidean_two_point,0.38755160332166666,0.0015486171722414177,0.027921366596221953,0.125,0.125,0.02722192233085623,0.9997463072629358,0.95,0.97
all,warm,warm,uniform,fisher_two_point,0.3902207968407574,0.0016681964874267763,0.027953396873474135,0.0,0.0,0.0010335424933431226,0.9997463072629358,0.95,0.97
all,warm,scratch,anchor_is,one_point,0.6180975310559172,0.008658030700683383,0.11776932847976676,0.035625,0.125,0.004880063325881765,0.9946678148194423,0.875,0.945
all,warm,scratch,anchor_is,euclidean_two_point,0.6204529567510451,0.008658030700683383,0.09527808172225942,0.035625,0.125,0.004880063325881765,0.9946678148194423,0.875,0.945
all,warm,scratch,anchor_is,fisher_two_point,0.6268721547578199,0.010719831085205023,0.11831583751678457,0.035625,0.125,0.004671112567901434,0.9946678148194423,0.875,0.945
all,warm,warm,anchor_is,one_point,0.6470564599316259,0.001703379058838106,0.10130375448226929,0.0,0.0,0.0009765554075240313,0.9946678148194423,0.875,0.945
all,warm,warm,anchor_is,euclidean_two_point,0.6508968205830429,0.001703379058838106,0.08608735671997073,0.0,0.0,0.0009765554075240313,0.9946678148194423,0.875,0.945
all,warm,warm,anchor_is,fisher_two_point,0.6523809353125484,0.0016396430969241038,0.10129217308044436,0.0,0.0,0.0009615241618155401,0.9946678148194423,0.875,0.945
all,warm,scratch,all_pair_endpoint,one_point,0.3955388823554162,0.008205457687378015,0.05296886486053463,0.19,0.25,0.06304425382661798,0.9998923338360473,0.975,0.9550000000000001
all,warm,scratch,all_pair_endpoint,euclidean_two_point,0.3954429461315498,0.008205457687378015,0.052817759799957245,0.19,0.25,0.06304425382661798,0.9998923338360473,0.975,0.9550000000000001
all,warm,scratch,all_pair_endpoint,fisher_two_point,0.3952789954669681,0.008205457687378015,0.05275082521438594,0.065,0.125,0.004777412957191354,0.9998923338360473,0.975,0.9550000000000001
all,warm,warm,all_pair_endpoint,one_point,0.3949895206893332,0.0015486171722414177,0.028060970954895036,0.125,0.125,0.02722192233085623,0.9998923338360473,0.975,0.9550000000000001
all,warm,warm,all_pair_endpoint,euclidean_two_point,0.394931312824019,0.0015486171722414177,0.028067028675079375,0.125,0.125,0.02722192233085623,0.9998923338360473,0.975,0.9550000000000001
all,warm,warm,all_pair_endpoint,fisher_two_point,0.39469406734378965,0.0015486171722414177,0.028089585037231468,0.0,0.0,0.0010335424933431226,0.9998923338360473,0.975,0.9550000000000001
all,warm,scratch,gap_endpoint,one_point,0.3942121835974126,0.008205457687378015,0.048170258407592814,0.065,0.125,0.005227100450515696,0.9996199476156592,0.95,0.9650000000000001
all,warm,scratch,gap_endpoint,euclidean_two_point,0.39046325547549215,0.008205457687378015,0.047697289943695084,0.065,0.125,0.005111638290405205,0.9996199476156592,0.95,0.9650000000000001
all,warm,scratch,gap_endpoint,fisher_two_point,0.3908177064306015,0.008205457687378015,0.047669439353942876,0.065,0.125,0.005111638290405205,0.9996199476156592,0.95,0.9650000000000001
all,warm,warm,gap_endpoint,one_point,0.3909117401898603,0.0015662033081054183,0.025951298103332566,0.0,0.0,0.0010292161326406746,0.9996199476156592,0.95,0.9650000000000001
all,warm,warm,gap_endpoint,euclidean_two_point,0.3905495349737418,0.001347705459594728,0.02583521678924563,0.0,0.0,0.0009903064079283142,0.9996199476156592,0.95,0.9650000000000001
all,warm,warm,gap_endpoint,fisher_two_point,0.3874396448240179,0.001347705459594728,0.0257953344154358,0.0,0.0,0.0009903064079283142,0.9996199476156592,0.95,0.9650000000000001
all,warm,scratch,anchor_gap_endpoint,one_point,0.6286058482531813,0.008658030700683383,0.11619513790130605,0.035625,0.125,0.005092585927963142,0.996226233003295,0.875,0.925
all,warm,scratch,anchor_gap_endpoint,euclidean_two_point,0.6288722996525652,0.006809334182739768,0.0945585658264159,0.035625,0.125,0.005092585927963142,0.996226233003295,0.875,0.925
all,warm,scratch,anchor_gap_endpoint,fisher_two_point,0.6347027316830756,0.008658030700683383,0.11802714061737049,0.160625,0.25,0.007358271867751962,0.996226233003295,0.875,0.925
all,warm,warm,anchor_gap_endpoint,one_point,0.6539731834628952,0.001703379058838106,0.09308466157913209,0.0,0.0,0.0007883054380416188,0.996226233003295,0.875,0.925
all,warm,warm,anchor_gap_endpoint,euclidean_two_point,0.6568127009161671,0.001703379058838106,0.0861200267219544,0.0,0.0,0.0007883054380416188,0.996226233003295,0.875,0.925
all,warm,warm,anchor_gap_endpoint,fisher_two_point,0.6574432567114143,0.001703379058838106,0.10133034061431889,0.0,0.0,0.0008235942487716242,0.996226233003295,0.875,0.925
all,warm,scratch,anchor_hard_endpoint,one_point,0.6153745482096306,0.008658030700683383,0.11639966432571403,0.035625,0.125,0.004880063325881765,0.993912669938063,0.875,0.945
all,warm,scratch,anchor_hard_endpoint,euclidean_two_point,0.6145175941544271,0.008658030700683383,0.09521114713668813,0.035625,0.125,0.004764601165771274,0.993912669938063,0.875,0.945
all,warm,scratch,anchor_hard_endpoint,fisher_two_point,0.6220159434169247,0.010719831085205023,0.11838277210235586,0.035625,0.125,0.004786574728011925,0.993912669938063,0.875,0.945
all,warm,warm,anchor_hard_endpoint,one_point,0.6473060482419359,0.001703379058838106,0.09308064626693724,0.0,0.0,0.0009765554075240313,0.993912669938063,0.875,0.945
all,warm,warm,anchor_hard_endpoint,euclidean_two_point,0.6494527653363401,0.0016396430969241038,0.08606480035781863,0.0,0.0,0.0009376456828116708,0.993912669938063,0.875,0.945
all,warm,warm,anchor_hard_endpoint,fisher_two_point,0.6516352457088178,0.001703379058838106,0.10131472944259645,0.0,0.0,0.0010004338865279006,0.993912669938063,0.875,0.945
seed1,scratch,scratch,uniform,one_point,0.3476980886338153,0.007940211486816118,0.06534941839218125,0.1525,0.25,0.0626451830649373,0.9981794748155584,1.0,0.99
seed1,scratch,scratch,uniform,euclidean_two_point,0.35077643665073094,0.007940211486816118,0.06251394950866691,0.189375,0.25,0.06304326369094827,0.9981794748155584,1.0,0.99
seed1,scratch,scratch,uniform,fisher_two_point,0.33805061520671986,0.007940211486816118,0.06251394950866691,0.064375,0.125,0.004974484263419985,0.9981794748155584,1.0,0.99
seed1,scratch,warm,uniform,one_point,0.3147573496596536,0.001449698638916086,0.06003997894287114,0.125,0.125,0.027272398118972693,0.9981794748155584,1.0,0.99
seed1,scratch,warm,uniform,euclidean_two_point,0.3189100372456283,0.0013301193237307274,0.05520663360595708,0.125,0.125,0.027221669635295775,0.9981794748155584,1.0,0.99
seed1,scratch,warm,uniform,fisher_two_point,0.307287124213382,0.0013301193237307274,0.05520663360595708,0.0,0.0,0.0010801163845059708,0.9981794748155584,1.0,0.99
seed1,scratch,scratch,anchor_is,one_point,0.5762673518053811,0.010719831085205023,0.11281827934265129,0.033125,0.125,0.004782029454231103,0.9964935297083977,0.875,0.9549999999999998
seed1,scratch,scratch,anchor_is,euclidean_two_point,0.581605055369348,0.010719831085205023,0.11614763126373287,0.033125,0.125,0.004782029454231103,0.9964935297083977,0.875,0.9549999999999998
seed1,scratch,scratch,anchor_is,fisher_two_point,0.5771800630075399,0.010719831085205023,0.13426386060714712,0.033125,0.125,0.004659873835563483,0.9964935297083977,0.875,0.9549999999999998
seed1,scratch,warm,anchor_is,one_point,0.5962612267687745,0.0016396430969241038,0.09484895278930669,0.0,0.0,0.001002416206836586,0.9964935297083977,0.875,0.9549999999999998
seed1,scratch,warm,anchor_is,euclidean_two_point,0.600381550505412,0.0016396430969241038,0.1016199677276612,0.0,0.0,0.001002416206836586,0.9964935297083977,0.875,0.9549999999999998
seed1,scratch,warm,anchor_is,fisher_two_point,0.5934154085963222,0.001270948791503912,0.10434293090820317,0.0,0.0,0.0009612508459090163,0.9964935297083977,0.875,0.9549999999999998
seed1,scratch,scratch,all_pair_endpoint,one_point,0.41542470473188364,0.007940211486816118,0.05646476766586295,0.189375,0.25,0.06296813327264757,0.9941922234736247,0.95,0.9650000000000001
seed1,scratch,scratch,all_pair_endpoint,euclidean_two_point,0.405945494243824,0.007940211486816118,0.06238008033752431,0.189375,0.25,0.06292110807228064,0.9941922234736247,0.95,0.9650000000000001
seed1,scratch,scratch,all_pair_endpoint,fisher_two_point,0.39606586984502123,0.007940211486816118,0.06257940002441398,0.064375,0.125,0.004974484263419985,0.9941922234736247,0.95,0.9650000000000001
seed1,scratch,warm,all_pair_endpoint,one_point,0.3824457090342624,0.0013301193237307274,0.03461043025970467,0.125,0.125,0.027211477978229436,0.9941922234736247,0.95,0.9650000000000001
seed1,scratch,warm,all_pair_endpoint,euclidean_two_point,0.37015226093071213,0.0012506053924559168,0.05520663360595708,0.125,0.125,0.02718050427436821,0.9941922234736247,0.95,0.9650000000000001
seed1,scratch,warm,all_pair_endpoint,fisher_two_point,0.35897681214494387,0.0013301193237307274,0.055214813270568916,0.0,0.0,0.0010801163845059708,0.9941922234736247,0.95,0.9650000000000001
seed1,scratch,scratch,gap_endpoint,one_point,0.44299654420482126,0.007940211486816118,0.04033665628433232,0.189375,0.25,0.006702004464149345,0.9938088819354729,0.925,0.9650000000000001
seed1,scratch,scratch,gap_endpoint,euclidean_two_point,0.42520800627553995,0.007940211486816118,0.06317439046859732,0.189375,0.25,0.006620009596824504,0.9938088819354729,0.925,0.9650000000000001
seed1,scratch,scratch,gap_endpoint,fisher_two_point,0.41972855155375943,0.008205457687378015,0.06314685731887808,0.189375,0.25,0.006761123898506039,0.9938088819354729,0.925,0.9650000000000001
seed1,scratch,warm,gap_endpoint,one_point,0.4088510720618336,0.0015486171722414177,0.037783992576599236,0.0,0.0,0.0010242020344732527,0.9938088819354729,0.925,0.9650000000000001
seed1,scratch,warm,gap_endpoint,euclidean_two_point,0.38876208438586896,0.0011161869049072237,0.05526058481216443,0.0,0.0,0.0009965704908369388,0.9938088819354729,0.925,0.9650000000000001
seed1,scratch,warm,gap_endpoint,fisher_two_point,0.379678951960085,0.0015486171722414177,0.055292238864898736,0.0,0.0,0.0010350963482854902,0.9938088819354729,0.925,0.9650000000000001
seed1,scratch,scratch,anchor_gap_endpoint,one_point,0.5768001694951915,0.010719831085205023,0.112743684310913,0.033125,0.125,0.004782029454231103,0.996728622048933,0.9,0.96
seed1,scratch,scratch,anchor_gap_endpoint,euclidean_two_point,0.5817408978052382,0.010719831085205023,0.11607303623199457,0.033125,0.125,0.004782029454231103,0.996728622048933,0.9,0.96
seed1,scratch,scratch,anchor_gap_endpoint,fisher_two_point,0.5783777905569084,0.010719831085205023,0.13403816051483144,0.033125,0.125,0.004659873835563483,0.996728622048933,0.9,0.96
seed1,scratch,warm,anchor_gap_endpoint,one_point,0.5950495230654588,0.0016396430969241038,0.09503907003402715,0.0,0.0,0.001002416206836586,0.996728622048933,0.9,0.96
seed1,scratch,warm,anchor_gap_endpoint,euclidean_two_point,0.5993847246411905,0.0016396430969241038,0.10181008497238164,0.0,0.0,0.001002416206836586,0.996728622048933,0.9,0.96
seed1,scratch,warm,anchor_gap_endpoint,fisher_two_point,0.5929815563643873,0.001270948791503912,0.10453910587310795,0.0,0.0,0.0009612508459090163,0.996728622048933,0.9,0.96
seed1,scratch,scratch,anchor_hard_endpoint,one_point,0.5562410603832492,0.010719831085205023,0.11351477659225458,0.033125,0.125,0.004782029454231103,0.9963534946611851,0.925,0.945
seed1,scratch,scratch,anchor_hard_endpoint,euclidean_two_point,0.5523828383170561,0.010719831085205023,0.11684412851333614,0.033125,0.125,0.004782029454231103,0.9963534946611851,0.925,0.945
seed1,scratch,scratch,anchor_hard_endpoint,fisher_two_point,0.5563455656363235,0.010719831085205023,0.13775190519332878,0.033125,0.125,0.004782029454231103,0.9963534946611851,0.925,0.945
seed1,scratch,warm,anchor_hard_endpoint,one_point,0.5803912777156724,0.0016396430969241038,0.09484412834167485,0.0,0.0,0.001002416206836586,0.9963534946611851,0.925,0.945
seed1,scratch,warm,anchor_hard_endpoint,euclidean_two_point,0.5759380165864346,0.0016396430969241038,0.10161514328002937,0.0,0.0,0.001002416206836586,0.9963534946611851,0.925,0.945
seed1,scratch,warm,anchor_hard_endpoint,fisher_two_point,0.5765751730299638,0.0016396430969241038,0.10916083393096929,0.0,0.0,0.001002416206836586,0.9963534946611851,0.925,0.945
seed1,warm,scratch,uniform,one_point,0.3905607671567995,0.008205457687378015,0.05257079668045035,0.1525,0.25,0.06276733868360491,0.999706284123903,0.95,0.9549999999999998
seed1,warm,scratch,uniform,euclidean_two_point,0.38818133909541824,0.008205457687378015,0.052845597858428864,0.189375,0.25,0.06309028889131518,0.999706284123903,0.95,0.9549999999999998
seed1,warm,scratch,uniform,fisher_two_point,0.3902220568786275,0.008205457687378015,0.05273281600952142,0.064375,0.125,0.004802715447425732,0.999706284123903,0.95,0.9549999999999998
seed1,warm,warm,uniform,one_point,0.3889387904874566,0.0016681964874267763,0.028020915336608908,0.125,0.125,0.027313563479900264,0.999706284123903,0.95,0.9549999999999998
seed1,warm,warm,uniform,euclidean_two_point,0.3856879327938819,0.0016681964874267763,0.027932962455749544,0.125,0.125,0.027252643339157,0.999706284123903,0.95,0.9549999999999998
seed1,warm,warm,uniform,fisher_two_point,0.388360764240077,0.0015486171722414177,0.027921366596221953,0.0,0.0,0.0010334790120122494,0.999706284123903,0.95,0.9549999999999998
seed1,warm,scratch,anchor_is,one_point,0.6163205291113575,0.008564367294311648,0.11736137125015249,0.033125,0.125,0.004875518052100943,0.9943840027161474,0.875,0.93
seed1,warm,scratch,anchor_is,euclidean_two_point,0.6192443748505329,0.008564367294311648,0.09487012449264516,0.033125,0.125,0.004875518052100943,0.9943840027161474,0.875,0.93
seed1,warm,scratch,anchor_is,fisher_two_point,0.6232714327263693,0.008658030700683383,0.1179078802871703,0.033125,0.125,0.004659873835563483,0.9943840027161474,0.875,0.93
seed1,warm,warm,anchor_is,one_point,0.6441624131485221,0.0016396430969241038,0.10127531396865845,0.0,0.0,0.0009785377278327166,0.9943840027161474,0.875,0.93
seed1,warm,warm,anchor_is,euclidean_two_point,0.6485279072581632,0.0016396430969241038,0.08605891620635989,0.0,0.0,0.0009785377278327166,0.9943840027161474,0.875,0.93
seed1,warm,warm,anchor_is,fisher_two_point,0.6485010629841709,0.0015370967864991592,0.10126373256683352,0.0,0.0,0.0009612508459090163,0.9943840027161474,0.875,0.93
seed1,warm,scratch,all_pair_endpoint,one_point,0.3942708084580458,0.008205457687378015,0.05296886486053463,0.189375,0.25,0.06280743067646005,0.9999045159160911,1.0,0.9349999999999999
seed1,warm,scratch,all_pair_endpoint,euclidean_two_point,0.39402798757986146,0.008205457687378015,0.05303431537628169,0.064375,0.125,0.004628267114162321,0.9999045159160911,1.0,0.9349999999999999
seed1,warm,scratch,all_pair_endpoint,fisher_two_point,0.3945984278079058,0.008205457687378015,0.05296886486053463,0.064375,0.125,0.004802715447425732,0.9999045159160911,1.0,0.9349999999999999
seed1,warm,warm,all_pair_endpoint,one_point,0.3925847168394935,0.0015486171722414177,0.028060970954895036,0.125,0.125,0.027123447945117833,0.9999045159160911,1.0,0.9349999999999999
seed1,warm,warm,all_pair_endpoint,euclidean_two_point,0.39256597757472733,0.0015486171722414177,0.028069150619506877,0.0,0.0,0.0010762029991147942,0.9999045159160911,1.0,0.9349999999999999
seed1,warm,warm,all_pair_endpoint,fisher_two_point,0.3935028146887808,0.0015486171722414177,0.028060970954895036,0.0,0.0,0.0010334790120122494,0.9999045159160911,1.0,0.9349999999999999
seed1,warm,scratch,gap_endpoint,one_point,0.3945850363204088,0.008205457687378015,0.04797745719909672,0.064375,0.125,0.005193748127937259,0.9993232730816972,0.95,0.9850000000000001
seed1,warm,scratch,gap_endpoint,euclidean_two_point,0.39125321378972233,0.008205457687378015,0.047697289943695084,0.064375,0.125,0.005193748127937259,0.9993232730816972,0.95,0.9850000000000001
seed1,warm,scratch,gap_endpoint,fisher_two_point,0.39170028535271606,0.008205457687378015,0.04747663814544678,0.064375,0.125,0.005111753260612418,0.9993232730816972,0.95,0.9850000000000001
seed1,warm,warm,gap_endpoint,one_point,0.39053545067153905,0.0015486171722414177,0.025934224643707336,0.0,0.0,0.0010155840573309195,0.9993232730816972,0.95,0.9850000000000001
seed1,warm,warm,gap_endpoint,euclidean_two_point,0.38990460356572154,0.0015662033081054183,0.025880329513549814,0.0,0.0,0.0010155840573309195,0.9993232730816972,0.95,0.9850000000000001
seed1,warm,warm,gap_endpoint,fisher_two_point,0.3862964004861869,0.0013301193237307274,0.025778260955810574,0.0,0.0,0.0009879525136946054,0.9993232730816972,0.95,0.9850000000000001
seed1,warm,scratch,anchor_gap_endpoint,one_point,0.6295384181852957,0.007806019973755074,0.11718460584640493,0.033125,0.125,0.00508804065418232,0.9958806960359816,0.875,0.9400000000000001
seed1,warm,scratch,anchor_gap_endpoint,euclidean_two_point,0.6299443778198005,0.007806019973755074,0.0946933590888976,0.033125,0.125,0.00508804065418232,0.9958806960359816,0.875,0.9400000000000001
seed1,warm,scratch,anchor_gap_endpoint,fisher_two_point,0.633892439125336,0.008658030700683383,0.11773111488342274,0.158125,0.25,0.00723157097530352,0.9958806960359816,0.875,0.9400000000000001
seed1,warm,warm,anchor_gap_endpoint,one_point,0.6492239697681559,0.001703379058838106,0.10132912551879884,0.0,0.0,0.0007902877583503043,0.9958806960359816,0.875,0.9400000000000001
seed1,warm,warm,anchor_gap_endpoint,euclidean_two_point,0.6522670126927517,0.001703379058838106,0.08611272775650028,0.0,0.0,0.0007902877583503043,0.9958806960359816,0.875,0.9400000000000001
seed1,warm,warm,anchor_gap_endpoint,fisher_two_point,0.6524602117267225,0.0016396430969241038,0.10131754411697391,0.0,0.0,0.0007844112081527399,0.9958806960359816,0.875,0.9400000000000001
seed1,warm,scratch,anchor_hard_endpoint,one_point,0.6092222066760202,0.008564367294311648,0.11736137125015249,0.033125,0.125,0.004875518052100943,0.9947954940759738,0.9,0.9399999999999998
seed1,warm,scratch,anchor_hard_endpoint,euclidean_two_point,0.6084189180430203,0.008564367294311648,0.09487012449264516,0.033125,0.125,0.004875518052100943,0.9947954940759738,0.9,0.9399999999999998
seed1,warm,scratch,anchor_hard_endpoint,fisher_two_point,0.6171320802940063,0.008658030700683383,0.1179748148727416,0.158125,0.25,0.007141203991889762,0.9947954940759738,0.9,0.9399999999999998
seed1,warm,warm,anchor_hard_endpoint,one_point,0.6402762446524689,0.0016396430969241038,0.10127531396865845,0.0,0.0,0.0009785377278327166,0.9947954940759738,0.9,0.9399999999999998
seed1,warm,warm,anchor_hard_endpoint,euclidean_two_point,0.6416257500082951,0.0016396430969241038,0.08605891620635989,0.0,0.0,0.0009785377278327166,0.9947954940759738,0.9,0.9399999999999998
seed1,warm,warm,anchor_hard_endpoint,fisher_two_point,0.6445144520179341,0.0016396430969241038,0.10128628892898561,0.0,0.0,0.001013826538562722,0.9947954940759738,0.9,0.9399999999999998
seed2,scratch,scratch,uniform,one_point,0.34308327012711143,0.00787053718566888,0.06228313507080061,0.150625,0.25,0.06269559664964647,0.9976480534988984,0.95,0.9800000000000001
seed2,scratch,scratch,uniform,euclidean_two_point,0.3453477988369848,0.00787053718566888,0.06238883451461781,0.19375,0.25,0.06306560496950127,0.9976480534988984,0.95,0.9800000000000001
seed2,scratch,scratch,uniform,fisher_two_point,0.33286959581049946,0.00787053718566888,0.062189514827728144,0.116875,0.25,0.005673694396018869,0.9976480534988984,0.95,0.9800000000000001
seed2,scratch,warm,uniform,one_point,0.3093962013877125,0.001449698638916086,0.05523148448944095,0.125,0.125,0.027271400069713514,0.9976480534988984,0.95,0.9800000000000001
seed2,scratch,warm,uniform,euclidean_two_point,0.3119842630457684,0.0013301193237307274,0.05520043220520025,0.125,0.125,0.027225162414550686,0.9976480534988984,0.95,0.9800000000000001
seed2,scratch,warm,uniform,fisher_two_point,0.30051103088196485,0.0012506053924559168,0.05519225254058842,0.0,0.0,0.0010500459094045112,0.9976480534988984,0.95,0.9800000000000001
seed2,scratch,scratch,anchor_is,one_point,0.5934852346122252,0.014666343688964911,0.11189847520828237,0.06875,0.125,0.0050366682624815315,0.9963935173879546,0.925,0.9649999999999999
seed2,scratch,scratch,anchor_is,euclidean_two_point,0.5977631312960734,0.014666343688964911,0.11500949159622184,0.04375,0.125,0.004757416744231993,0.9963935173879546,0.925,0.9649999999999999
seed2,scratch,scratch,anchor_is,fisher_two_point,0.5956801374460883,0.014666343688964911,0.1368912548828124,0.04375,0.125,0.004757416744231993,0.9963935173879546,0.925,0.9649999999999999
seed2,scratch,warm,anchor_is,one_point,0.6085398952012494,0.001703379058838106,0.08932528022766117,0.0,0.0,0.0009352322525976675,0.9963935173879546,0.925,0.9649999999999999
seed2,scratch,warm,anchor_is,euclidean_two_point,0.6120760069935968,0.0016396430969241038,0.09610919174194343,0.0,0.0,0.0009488658833502639,0.9963935173879546,0.925,0.9649999999999999
seed2,scratch,warm,anchor_is,fisher_two_point,0.6058454957114888,0.0016396430969241038,0.11043193204879764,0.0,0.0,0.0009488658833502639,0.9963935173879546,0.925,0.9649999999999999
seed2,scratch,scratch,all_pair_endpoint,one_point,0.408510479581362,0.00787053718566888,0.056228354892730634,0.19375,0.25,0.06306560496950127,0.9972361710581272,0.975,0.975
seed2,scratch,scratch,all_pair_endpoint,euclidean_two_point,0.3915596881744057,0.00787053718566888,0.06238883451461781,0.19375,0.25,0.06306560496950127,0.9972361710581272,0.975,0.975
seed2,scratch,scratch,all_pair_endpoint,fisher_two_point,0.3846368805708996,0.00787053718566888,0.062321899929046506,0.116875,0.25,0.005673694396018869,0.9972361710581272,0.975,0.975
seed2,scratch,warm,all_pair_endpoint,one_point,0.37096656659644706,0.0013301193237307274,0.03460700969696051,0.125,0.125,0.027225162414550686,0.9972361710581272,0.975,0.975
seed2,scratch,warm,all_pair_endpoint,euclidean_two_point,0.3528254546410438,0.0013301193237307274,0.05520043220520025,0.125,0.125,0.027225162414550686,0.9972361710581272,0.975,0.975
seed2,scratch,warm,all_pair_endpoint,fisher_two_point,0.34559738568113674,0.0012177814483642635,0.05517787584304816,0.0,0.0,0.0010500459094045112,0.9972361710581272,0.975,0.975
seed2,scratch,scratch,gap_endpoint,one_point,0.43324977894691685,0.007940211486816118,0.04018400814056398,0.125625,0.25,0.006094326813697721,0.994497614515734,0.975,0.9650000000000001
seed2,scratch,scratch,gap_endpoint,euclidean_two_point,0.41755433670477254,0.007940211486816118,0.0628893572235106,0.125625,0.25,0.005980538018226514,0.994497614515734,0.975,0.9650000000000001
seed2,scratch,scratch,gap_endpoint,fisher_two_point,0.40927298239440557,0.007940211486816118,0.06295629180908191,0.150625,0.25,0.006259824975013608,0.994497614515734,0.975,0.9650000000000001
seed2,scratch,warm,gap_endpoint,one_point,0.3955192926580448,0.0015486171722414177,0.03776433250427254,0.0,0.0,0.0010264981980321565,0.994497614515734,0.975,0.9650000000000001
seed2,scratch,warm,gap_endpoint,euclidean_two_point,0.3800774277535808,0.0012506053924559168,0.05525530143737798,0.0,0.0,0.0009881523823735982,0.994497614515734,0.975,0.9650000000000001
seed2,scratch,warm,gap_endpoint,fisher_two_point,0.3685567490962219,0.0011161869049072237,0.05523274507522589,0.0,0.0,0.000988403313159726,0.994497614515734,0.975,0.9650000000000001
seed2,scratch,scratch,anchor_gap_endpoint,one_point,0.5969117529395829,0.010719831085205023,0.11089468051910392,0.06875,0.125,0.0050366682624815315,0.9966440193499124,0.95,0.95
seed2,scratch,scratch,anchor_gap_endpoint,euclidean_two_point,0.6017936686100311,0.010719831085205023,0.11430790702819815,0.04375,0.125,0.004757416744231993,0.9966440193499124,0.95,0.95
seed2,scratch,scratch,anchor_gap_endpoint,fisher_two_point,0.6018143485262973,0.010719831085205023,0.13418926557540883,0.04375,0.125,0.004757416744231993,0.9966440193499124,0.95,0.95
seed2,scratch,warm,anchor_gap_endpoint,one_point,0.6101560147961227,0.001270948791503912,0.08922106443405156,0.0,0.0,0.0009352322525976675,0.9966440193499124,0.95,0.95
seed2,scratch,warm,anchor_gap_endpoint,euclidean_two_point,0.6144738397267407,0.001270948791503912,0.09599286050796514,0.0,0.0,0.0009488658833502639,0.9966440193499124,0.95,0.95
seed2,scratch,warm,anchor_gap_endpoint,fisher_two_point,0.609853695234402,0.001270948791503912,0.10453304815292361,0.0,0.0,0.0009488658833502639,0.9966440193499124,0.95,0.95
seed2,scratch,scratch,anchor_hard_endpoint,one_point,0.5762210957224809,0.010719831085205023,0.1116657728004455,0.06875,0.125,0.0050366682624815315,0.9964524879704254,0.875,0.96
seed2,scratch,scratch,anchor_hard_endpoint,euclidean_two_point,0.5734090583140083,0.010719831085205023,0.11507899930953973,0.04375,0.125,0.004757416744231993,0.9964524879704254,0.875,0.96
seed2,scratch,scratch,anchor_hard_endpoint,fisher_two_point,0.5785251493261299,0.010719831085205023,0.13672548706054682,0.04375,0.125,0.004871205539703201,0.9964524879704254,0.875,0.96
seed2,scratch,warm,anchor_hard_endpoint,one_point,0.5957171362198732,0.001270948791503912,0.08902612274169927,0.0,0.0,0.0009352322525976675,0.9964524879704254,0.875,0.96
seed2,scratch,warm,anchor_hard_endpoint,euclidean_two_point,0.5931597694329089,0.001270948791503912,0.09579791881561286,0.0,0.0,0.0009488658833502639,0.9964524879704254,0.875,0.96
seed2,scratch,warm,anchor_hard_endpoint,fisher_two_point,0.5934993761618762,0.0016396430969241038,0.11015533092498783,0.0,0.0,0.000987211699008822,0.9964524879704254,0.875,0.96
seed2,warm,scratch,uniform,one_point,0.39175050299689546,0.008205457687378015,0.04094724861145012,0.1675,0.25,0.06281104717254608,0.9997639766638046,0.975,0.95
seed2,warm,scratch,uniform,euclidean_two_point,0.3901424655176226,0.008205457687378015,0.05259415885925287,0.19375,0.25,0.06295181617403008,0.9997639766638046,0.975,0.95
seed2,warm,scratch,uniform,fisher_two_point,0.39162367233433487,0.008205457687378015,0.05259415885925287,0.06875,0.125,0.004717779067993036,0.9997639766638046,0.975,0.95
seed2,warm,warm,uniform,one_point,0.39213748391300407,0.0015692779541014445,0.033246321144104016,0.125,0.125,0.027266559704303653,0.9997639766638046,0.975,0.95
seed2,warm,warm,uniform,euclidean_two_point,0.38955251818104275,0.0013301193237307274,0.027920772476196287,0.125,0.125,0.027186816598892126,0.9997639766638046,0.975,0.95
seed2,warm,warm,uniform,fisher_two_point,0.391401512824034,0.0013301193237307274,0.027920772476196287,0.0,0.0,0.0009963251194951683,0.9997639766638046,0.975,0.95
seed2,warm,scratch,anchor_is,one_point,0.6196169162939515,0.008658030700683383,0.11633318944931019,0.04375,0.125,0.004850905342101833,0.9947678063697829,0.875,0.925
seed2,warm,scratch,anchor_is,euclidean_two_point,0.6206576617809831,0.008658030700683383,0.09384194269180286,0.04375,0.125,0.004850905342101833,0.9947678063697829,0.875,0.925
seed2,warm,scratch,anchor_is,fisher_two_point,0.6285045933879868,0.010719831085205023,0.11823568429946889,0.04375,0.125,0.004757416744231993,0.9947678063697829,0.875,0.925
seed2,warm,warm,anchor_is,one_point,0.6494185840988255,0.0016396430969241038,0.09305397006988525,0.0,0.0,0.0009249874043463946,0.9947678063697829,0.875,0.925
seed2,warm,warm,anchor_is,euclidean_two_point,0.6523722789421276,0.0016396430969241038,0.07783757230758667,0.0,0.0,0.0009249874043463946,0.9947678063697829,0.875,0.925
seed2,warm,warm,anchor_is,fisher_two_point,0.6543524091084929,0.0016396430969241038,0.10129021448135378,0.0,0.0,0.0009488658833502639,0.9947678063697829,0.875,0.925
seed2,warm,scratch,all_pair_endpoint,one_point,0.39627836319983545,0.008205457687378015,0.05311369787216182,0.19375,0.25,0.06295181617403008,0.9998841914685054,0.975,0.9550000000000001
seed2,warm,scratch,all_pair_endpoint,euclidean_two_point,0.39647313421923597,0.008205457687378015,0.05318063245773312,0.19375,0.25,0.06306560496950127,0.9998841914685054,0.975,0.9550000000000001
seed2,warm,scratch,all_pair_endpoint,fisher_two_point,0.39814592950080513,0.008205457687378015,0.05302952739715574,0.06875,0.125,0.004831567863464244,0.9998841914685054,0.975,0.9550000000000001
seed2,warm,warm,all_pair_endpoint,one_point,0.3962306717905635,0.0013301193237307274,0.028039942417144782,0.125,0.125,0.027186816598892126,0.9998841914685054,0.975,0.9550000000000001
seed2,warm,warm,all_pair_endpoint,euclidean_two_point,0.3963330565053745,0.0015486171722414177,0.028062498779296875,0.125,0.125,0.027225162414550686,0.9998841914685054,0.975,0.9550000000000001
seed2,warm,warm,all_pair_endpoint,fisher_two_point,0.3976036230652888,0.0015486171722414177,0.02806855649948121,0.0,0.0,0.0010346709351537265,0.9998841914685054,0.975,0.9550000000000001
seed2,warm,scratch,gap_endpoint,one_point,0.393558439605256,0.008205457687378015,0.048321363468170196,0.06875,0.125,0.005265605097770638,0.9997554358810197,0.975,0.9800000000000001
seed2,warm,scratch,gap_endpoint,euclidean_two_point,0.3905480750538521,0.008205457687378015,0.04786875904083254,0.06875,0.125,0.005265605097770638,0.9997554358810197,0.975,0.9800000000000001
seed2,warm,scratch,gap_endpoint,fisher_two_point,0.391699045761523,0.008205457687378015,0.04773637393951417,0.06875,0.125,0.00515181630229943,0.9997554358810197,0.975,0.9800000000000001
seed2,warm,warm,gap_endpoint,one_point,0.3920463485729095,0.0015662033081054183,0.025945240383148226,0.0,0.0,0.0010299138722417993,0.9997554358810197,0.975,0.9800000000000001
seed2,warm,warm,gap_endpoint,euclidean_two_point,0.391112962911481,0.0015662033081054183,0.025803514080047642,0.0,0.0,0.0010299138722417993,0.9997554358810197,0.975,0.9800000000000001
seed2,warm,warm,gap_endpoint,fisher_two_point,0.39010123154567794,0.001347705459594728,0.025772778053283707,0.0,0.0,0.0009915680565832413,0.9997554358810197,0.975,0.9800000000000001
seed2,warm,scratch,anchor_gap_endpoint,one_point,0.6250954113231298,0.008658030700683383,0.11586750591278065,0.04375,0.125,0.005177216739654418,0.9963673418452365,0.85,0.9149999999999998
seed2,warm,scratch,anchor_gap_endpoint,euclidean_two_point,0.6256196457373737,0.007806019973755074,0.09459481824874867,0.04375,0.125,0.005177216739654418,0.9963673418452365,0.85,0.9149999999999998
seed2,warm,scratch,anchor_gap_endpoint,fisher_two_point,0.6300560456512192,0.008658030700683383,0.11632984447479237,0.16875,0.25,0.007442902679443237,0.9963673418452365,0.85,0.9149999999999998
seed2,warm,warm,anchor_gap_endpoint,one_point,0.6533038850092774,0.0016396430969241038,0.0903254444694519,0.0,0.0,0.0007750832505225402,0.9963673418452365,0.85,0.9149999999999998
seed2,warm,warm,anchor_gap_endpoint,euclidean_two_point,0.6557563356949452,0.0016396430969241038,0.08334375078201298,0.0,0.0,0.0007750832505225402,0.9963673418452365,0.85,0.9149999999999998
seed2,warm,warm,anchor_gap_endpoint,fisher_two_point,0.6565589911218641,0.0016396430969241038,0.09034801528930665,0.0,0.0,0.0008103720612525455,0.9963673418452365,0.85,0.9149999999999998
seed2,warm,scratch,anchor_hard_endpoint,one_point,0.6194691613764499,0.008658030700683383,0.11633318944931019,0.04375,0.125,0.004850905342101833,0.9935661299230115,0.85,0.925
seed2,warm,scratch,anchor_hard_endpoint,euclidean_two_point,0.617829251681863,0.008658030700683383,0.09384194269180286,0.04375,0.125,0.004850905342101833,0.9935661299230115,0.85,0.925
seed2,warm,scratch,anchor_hard_endpoint,fisher_two_point,0.6227712028276956,0.010719831085205023,0.11831583751678457,0.04375,0.125,0.004757416744231993,0.9935661299230115,0.85,0.925
seed2,warm,warm,anchor_hard_endpoint,one_point,0.6487798260856896,0.0016396430969241038,0.09305397006988525,0.0,0.0,0.0009249874043463946,0.9935661299230115,0.85,0.925
seed2,warm,warm,anchor_hard_endpoint,euclidean_two_point,0.6504665532752658,0.0016396430969241038,0.07783757230758667,0.0,0.0,0.0009249874043463946,0.9935661299230115,0.85,0.925
seed2,warm,warm,anchor_hard_endpoint,fisher_two_point,0.6516666893413363,0.0016396430969241038,0.10129217308044436,0.0,0.0,0.0009488658833502639,0.9935661299230115,0.85,0.925
