epoch,step,test/max_reward,test/reward,time/epoch (s),time/inter_step (ms),time/intra_step (ms),train/loss,train/max_reward,train/reward,val/max_reward,val/reward
0,19,,,,,,,,,-54.069000244140625,-57.74125671386719
,20,,,201.06543636322021,,,,,,,
1,39,,,,,,,,,-53.28200149536133,-56.804832458496094
,40,,,171.63311004638672,,,,,,,
,49,,,,,4834.437370300293,,,,,
,49,,,,14.598608016967773,,,,,,
2,49,,,,,,-2.9634013175964355,-52.63999938964844,-56.80833435058594,,
2,59,,,,,,,,,-53.0,-56.43241882324219
,60,,,174.3735330104828,,,,,,,
3,79,,,,,,,,,-53.12900161743164,-56.5047492980957
,80,,,174.16941809654236,,,,,,,
,99,,,,,5174.442291259766,,,,,
,99,,,,28.243541717529297,,,,,,
4,99,,,,,,-3.827786445617676,-53.69999694824219,-57.735836029052734,,
4,99,,,,,,,,,-53.14799880981445,-56.48179626464844
,100,,,176.32037329673767,,,,,,,
5,119,,,,,,,,,-52.933998107910156,-56.272621154785156
,120,,,242.08954215049744,,,,,,,
6,139,,,,,,,,,-52.992000579833984,-56.38154220581055
,140,,,236.40898823738098,,,,,,,
,149,,,,,6137.734651565552,,,,,
,149,,,,14.787435531616211,,,,,,
7,149,,,,,,-4.178469181060791,-53.31999969482422,-57.29166793823242,,
7,159,,,,,,,,,-52.94300079345703,-56.26292419433594
,160,,,215.1770737171173,,,,,,,
8,179,,,,,,,,,-52.832000732421875,-56.18595886230469
,180,,,182.38802242279053,,,,,,,
,199,,,,,5095.880508422852,,,,,
,199,,,,28.841495513916016,,,,,,
9,199,,,,,,-2.8175392150878906,-53.02000045776367,-56.837501525878906,,
9,199,,,,,,,,,-52.99700164794922,-56.35871124267578
,200,,,181.74131774902344,,,,,,,
10,219,,,,,,,,,-52.78799819946289,-56.1007080078125
,220,,,183.72126054763794,,,,,,,
11,239,,,,,,,,,-52.72999954223633,-56.01658630371094
,240,,,182.54139971733093,,,,,,,
,249,,,,,4816.3018226623535,,,,,
,249,,,,14.937400817871094,,,,,,
12,249,,,,,,-2.417950391769409,-52.86000061035156,-56.790000915527344,,
12,259,,,,,,,,,-52.720001220703125,-56.053871154785156
,260,,,184.08583188056946,,,,,,,
13,279,,,,,,,,,-52.76900100708008,-56.112831115722656
,280,,,185.74983978271484,,,,,,,
,299,,,,,6636.810302734375,,,,,
,299,,,,27.794599533081055,,,,,,
14,299,,,,,,-2.5508012771606445,-52.599998474121094,-56.622501373291016,,
14,299,,,,,,,,,-52.73899841308594,-56.076751708984375
,300,,,248.91469740867615,,,,,,,
15,319,,,,,,,,,-52.766998291015625,-56.198246002197266
,320,,,247.7227053642273,,,,,,,
16,339,,,,,,,,,-52.65800094604492,-55.93617248535156
,340,,,218.7213146686554,,,,,,,
,349,,,,,5194.802284240723,,,,,
,349,,,,12.799739837646484,,,,,,
17,349,,,,,,-1.533955693244934,-52.57999801635742,-56.391666412353516,,
17,359,,,,,,,,,-52.61399841308594,-55.93387985229492
,360,,,184.46511125564575,,,,,,,
18,379,,,,,,,,,-52.599998474121094,-55.920833587646484
,380,,,187.4805932044983,,,,,,,
,399,,,,,5391.616106033325,,,,,
,399,,,,27.279138565063477,,,,,,
19,399,,,,,,-3.2514145374298096,-52.23999786376953,-56.234169006347656,,
19,399,,,,,,,,,-52.67499923706055,-55.85966873168945
,400,,,187.15728306770325,,,,,,,
20,419,,,,,,,,,-52.49700164794922,-55.7728271484375
,420,,,180.57689881324768,,,,,,,
21,439,,,,,,,,,-52.64099884033203,-55.93070602416992
,440,,,182.63671135902405,,,,,,,
,449,,,,,5376.312494277954,,,,,
,449,,,,14.409303665161133,,,,,,
22,449,,,,,,-2.625836133956909,-52.2599983215332,-56.228336334228516,,
22,459,,,,,,,,,-52.49100112915039,-55.82182312011719
,460,,,186.8676199913025,,,,,,,
23,479,,,,,,,,,-52.534000396728516,-55.815494537353516
,480,,,245.48109674453735,,,,,,,
,499,,,,,6302.17981338501,,,,,
,499,,,,26.965856552124023,,,,,,
24,499,,,,,,-2.8515725135803223,-52.15999984741211,-56.30000305175781,,
24,499,,,,,,,,,-52.369998931884766,-55.71083068847656
,500,,,239.41003394126892,,,,,,,
25,519,,,,,,,,,-52.25899887084961,-55.57229232788086
,520,,,181.06904315948486,,,,,,,
26,539,,,,,,,,,-52.32899856567383,-55.6374626159668
,540,,,182.1672990322113,,,,,,,
,549,,,,,5300.550937652588,,,,,
,549,,,,14.165639877319336,,,,,,
27,549,,,,,,-2.490342378616333,-52.07999801635742,-56.192501068115234,,
27,559,,,,,,,,,-52.255001068115234,-55.59267044067383
,560,,,185.86126255989075,,,,,,,
28,579,,,,,,,,,-52.54399871826172,-55.89004135131836
,580,,,183.18167638778687,,,,,,,
,599,,,,,4991.265535354614,,,,,
,599,,,,26.004314422607422,,,,,,
29,599,,,,,,-2.803250312805176,-52.63999938964844,-56.56500244140625,,
29,599,,,,,,,,,-52.36800003051758,-55.6523323059082
,600,,,178.73311281204224,,,,,,,
30,619,,,,,,,,,-52.4109992980957,-55.708534240722656
,620,,,178.7388117313385,,,,,,,
31,639,,,,,,,,,-52.5,-55.6757926940918
,640,,,178.732515335083,,,,,,,
,649,,,,,5206.631422042847,,,,,
,649,,,,13.450860977172852,,,,,,
32,649,,,,,,-0.840579628944397,-52.5,-56.4091682434082,,
32,659,,,,,,,,,-52.28799819946289,-55.52959060668945
,660,,,181.94178080558777,,,,,,,
33,679,,,,,,,,,-52.24700164794922,-55.52366256713867
,680,,,178.420485496521,,,,,,,
,699,,,,,4898.281097412109,,,,,
,699,,,,25.13289451599121,,,,,,
34,699,,,,,,-1.6160645484924316,-52.47999954223633,-56.130001068115234,,
34,699,,,,,,,,,-52.375999450683594,-55.61741638183594
,700,,,179.11803650856018,,,,,,,
35,719,,,,,,,,,-52.33000183105469,-55.684791564941406
,720,,,179.55633783340454,,,,,,,
36,739,,,,,,,,,-52.340999603271484,-55.58646011352539
,740,,,172.3108901977539,,,,,,,
,749,,,,,5333.547830581665,,,,,
,749,,,,12.060403823852539,,,,,,
37,749,,,,,,-2.5876505374908447,-52.5,-56.53000259399414,,
37,759,,,,,,,,,-52.24599838256836,-55.538333892822266
,760,,,184.5371057987213,,,,,,,
38,779,,,,,,,,,-52.207000732421875,-55.4594612121582
,780,,,184.6715955734253,,,,,,,
,799,,,,,5094.657421112061,,,,,
,799,,,,25.225162506103516,,,,,,
39,799,,,,,,-2.492563486099243,-52.63999938964844,-56.41666793823242,,
39,799,,,,,,,,,-52.4010009765625,-55.68632888793945
,800,,,183.71065855026245,,,,,,,
40,819,,,,,,,,,-52.33100128173828,-55.55558776855469
,820,,,181.09853768348694,,,,,,,
41,839,,,,,,,,,-52.27299880981445,-55.47383499145508
,840,,,177.42327857017517,,,,,,,
,849,,,,,4598.34623336792,,,,,
,849,,,,11.489391326904297,,,,,,
42,849,,,,,,-1.529709815979004,-51.19999694824219,-55.169166564941406,,
42,859,,,,,,,,,-52.380001068115234,-55.63291931152344
,860,,,176.38518810272217,,,,,,,
43,879,,,,,,,,,-52.04800033569336,-55.318077087402344
,880,,,235.03578543663025,,,,,,,
,899,,,,,6828.269243240356,,,,,
,899,,,,26.895761489868164,,,,,,
44,899,,,,,,-2.9548277854919434,-51.97999954223633,-56.0091667175293,,
44,899,,,,,,,,,-52.31999969482422,-55.61612319946289
,900,,,239.3916881084442,,,,,,,
45,919,,,,,,,,,-52.3129997253418,-55.549537658691406
,920,,,238.90198493003845,,,,,,,
46,939,,,,,,,,,-52.314998626708984,-55.49966049194336
,940,,,219.74662804603577,,,,,,,
,949,,,,,4827.193021774292,,,,,
,949,,,,12.079477310180664,,,,,,
47,949,,,,,,-1.6606361865997314,-51.68000030517578,-55.78166961669922,,
47,959,,,,,,,,,-52.268001556396484,-55.51625061035156
,960,,,180.73974347114563,,,,,,,
48,979,,,,,,,,,-52.24599838256836,-55.494537353515625
,980,,,183.6279308795929,,,,,,,
,999,,,,,4929.1181564331055,,,,,
,999,,,,26.414155960083008,,,,,,
49,999,,,,,,-1.5449327230453491,-51.97999954223633,-55.90583419799805,,
49,999,,,,,,,,,-52.36899948120117,-55.542537689208984
,1000,,,182.54505014419556,,,,,,,
50,1019,,,,,,,,,-52.17100143432617,-55.44237518310547
,1020,,,180.09298586845398,,,,,,,
51,1039,,,,,,,,,-52.3380012512207,-55.58837127685547
,1040,,,180.21492910385132,,,,,,,
,1049,,,,,4705.314874649048,,,,,
,1049,,,,12.835979461669922,,,,,,
52,1049,,,,,,-1.8708720207214355,-52.65999984741211,-56.526668548583984,,
52,1059,,,,,,,,,-52.12900161743164,-55.361080169677734
,1060,,,180.86564207077026,,,,,,,
53,1079,,,,,,,,,-52.26599884033203,-55.459590911865234
,1080,,,183.95369696617126,,,,,,,
,1099,,,,,4618.329763412476,,,,,
,1099,,,,25.85315704345703,,,,,,
54,1099,,,,,,-1.9039835929870605,-51.69999694824219,-55.450836181640625,,
54,1099,,,,,,,,,-52.1619987487793,-55.37653732299805
,1100,,,193.2778115272522,,,,,,,
55,1119,,,,,,,,,-52.21699905395508,-55.463661193847656
,1120,,,175.42309427261353,,,,,,,
56,1139,,,,,,,,,-52.244998931884766,-55.425254821777344
,1140,,,175.5634114742279,,,,,,,
,1149,,,,,4896.48699760437,,,,,
,1149,,,,11.825084686279297,,,,,,
57,1149,,,,,,-2.3916380405426025,-51.68000030517578,-55.602500915527344,,
57,1159,,,,,,,,,-52.172000885009766,-55.343746185302734
,1160,,,178.71061992645264,,,,,,,
58,1179,,,,,,,,,-52.138999938964844,-55.436622619628906
,1180,,,179.77874636650085,,,,,,,
,1199,,,,,4981.592416763306,,,,,
,1199,,,,25.854110717773438,,,,,,
59,1199,,,,,,-1.8534899950027466,-51.86000061035156,-55.87916946411133,,
59,1199,,,,,,,,,-52.191001892089844,-55.3836669921875
,1200,,,177.04685950279236,,,,,,,
60,1219,,,,,,,,,-52.292999267578125,-55.43208312988281
,1220,,,175.94438910484314,,,,,,,
61,1239,,,,,,,,,-52.347999572753906,-55.40716552734375
,1240,,,177.78942036628723,,,,,,,
,1249,,,,,4784.424543380737,,,,,
,1249,,,,11.41977310180664,,,,,,
62,1249,,,,,,-0.9238712787628174,-52.23999786376953,-56.18833541870117,,
62,1259,,,,,,,,,-52.31700134277344,-55.43550491333008
,1260,,,180.59573221206665,,,,,,,
63,1279,,,,,,,,,-52.27399826049805,-55.39237594604492
,1280,,,177.04251718521118,,,,,,,
,1299,,,,,4632.208347320557,,,,,
,1299,,,,24.602651596069336,,,,,,
64,1299,,,,,,-2.177110195159912,-51.73999786376953,-55.624168395996094,,
64,1299,,,,,,,,,-52.23500061035156,-55.40896224975586
,1300,,,177.31364178657532,,,,,,,
65,1319,,,,,,,,,-52.22100067138672,-55.45249938964844
,1320,,,180.18234133720398,,,,,,,
66,1339,,,,,,,,,-52.18600082397461,-55.42958450317383
,1340,,,178.47231698036194,,,,,,,
,1349,,,,,5094.920873641968,,,,,
,1349,,,,12.250185012817383,,,,,,
67,1349,,,,,,-0.33158743381500244,-51.86000061035156,-55.90833282470703,,
67,1359,,,,,,,,,-52.00600051879883,-55.27279281616211
,1360,,,177.77014112472534,,,,,,,
68,1379,,,,,,,,,-52.14699935913086,-55.330387115478516
,1380,,,179.4475154876709,,,,,,,
,1399,,,,,4908.046007156372,,,,,
,1399,,,,25.30384063720703,,,,,,
69,1399,,,,,,-1.6749365329742432,-51.119998931884766,-55.40999984741211,,
69,1399,,,,,,,,,-52.19300079345703,-55.29249572753906
,1400,,,181.4880769252777,,,,,,,
70,1419,,,,,,,,,-52.14400100708008,-55.37083435058594
,1420,,,179.40602493286133,,,,,,,
71,1439,,,,,,,,,-52.35499954223633,-55.54729080200195
,1440,,,179.7248866558075,,,,,,,
,1449,,,,,5346.263647079468,,,,,
,1449,,,,12.885570526123047,,,,,,
72,1449,,,,,,-1.3276790380477905,-51.68000030517578,-55.56666946411133,,
72,1459,,,,,,,,,-52.303001403808594,-55.5020751953125
,1460,,,180.30495357513428,,,,,,,
73,1479,,,,,,,,,-52.24100112915039,-55.4302978515625
,1480,,,177.67359900474548,,,,,,,
,1499,,,,,5141.121387481689,,,,,
,1499,,,,228.48153114318848,,,,,,
74,1499,,,,,,-2.269747257232666,-51.84000015258789,-56.08500289916992,,
74,1499,,,,,,,,,-52.28900146484375,-55.413753509521484
,1500,,,180.78824639320374,,,,,,,
75,1519,,,,,,,,,-52.2130012512207,-55.35499954223633
,1520,,,183.8280918598175,,,,,,,
76,1539,,,,,,,,,-52.24800109863281,-55.33128356933594
,1540,,,184.89422225952148,,,,,,,
,1549,,,,,5043.782711029053,,,,,
,1549,,,,12.412786483764648,,,,,,
77,1549,,,,,,-1.9616321325302124,-51.73999786376953,-55.71833419799805,,
77,1559,,,,,,,,,-52.20600128173828,-55.34566879272461
,1560,,,183.02690172195435,,,,,,,
78,1579,,,,,,,,,-52.15399932861328,-55.31004333496094
,1580,,,182.18500924110413,,,,,,,
,1599,,,,,4784.188508987427,,,,,
,1599,,,,24.987220764160156,,,,,,
79,1599,,,,,,-1.2216923236846924,-51.13999938964844,-55.130001068115234,,
79,1599,,,,,,,,,-52.117000579833984,-55.25453567504883
,1600,,,181.55423998832703,,,,,,,
80,1619,,,,,,,,,-52.14799880981445,-55.300289154052734
,1620,,,181.2984926700592,,,,,,,
81,1639,,,,,,,,,-52.0620002746582,-55.24733352661133
,1640,,,178.4851803779602,,,,,,,
,1649,,,,,5198.744297027588,,,,,
,1649,,,,12.886762619018555,,,,,,
82,1649,,,,,,-1.0140029191970825,-51.73999786376953,-55.731666564941406,,
82,1659,,,,,,,,,-52.15599822998047,-55.285423278808594
,1660,,,179.4300696849823,,,,,,,
83,1679,,,,,,,,,-52.111000061035156,-55.27116775512695
,1680,,,179.8967308998108,,,,,,,
,1699,,,,,5048.838138580322,,,,,
,1699,,,,27.21428871154785,,,,,,
84,1699,,,,,,-1.604378342628479,-51.29999923706055,-55.36166763305664,,
84,1699,,,,,,,,,-52.15399932861328,-55.26458740234375
,1700,,,178.7236762046814,,,,,,,
85,1719,,,,,,,,,-52.1150016784668,-55.212623596191406
,1720,,,178.46260738372803,,,,,,,
86,1739,,,,,,,,,-52.097999572753906,-55.22633743286133
,1740,,,236.55482006072998,,,,,,,
,1749,,,,,6540.11869430542,,,,,
,1749,,,,12.322425842285156,,,,,,
87,1749,,,,,,-1.7095292806625366,-51.34000015258789,-55.228336334228516,,
87,1759,,,,,,,,,-52.104000091552734,-55.221797943115234
,1760,,,239.41869688034058,,,,,,,
88,1779,,,,,,,,,-52.04600143432617,-55.1724967956543
,1780,,,236.66613173484802,,,,,,,
,1799,,,,,6290.828466415405,,,,,
,1799,,,,25.342941284179688,,,,,,
89,1799,,,,,,-0.4950511157512665,-50.89999771118164,-54.975833892822266,,
89,1799,,,,,,,,,-51.97700119018555,-55.16166687011719
,1800,,,233.67072057724,,,,,,,
90,1819,,,,,,,,,-51.944000244140625,-55.131412506103516
,1820,,,179.10651183128357,,,,,,,
91,1839,,,,,,,,,-51.95000076293945,-55.10533142089844
,1840,,,179.67119359970093,,,,,,,
,1849,,,,,4771.907329559326,,,,,
,1849,,,,11.595726013183594,,,,,,
92,1849,,,,,,-2.0812532901763916,-51.36000061035156,-55.49500274658203,,
92,1859,,,,,,,,,-52.02799987792969,-55.212379455566406
,1860,,,178.9755802154541,,,,,,,
93,1879,,,,,,,,,-52.00899887084961,-55.12971115112305
,1880,,,175.28285598754883,,,,,,,
,1899,,,,,4729.09140586853,,,,,
,1899,,,,25.315284729003906,,,,,,
94,1899,,,,,,-0.07632080465555191,-51.05999755859375,-55.2216682434082,,
94,1899,,,,,,,,,-52.02899932861328,-55.15224838256836
,1900,,,177.20684814453125,,,,,,,
95,1919,,,,,,,,,-51.91899871826172,-55.06150436401367
,1920,,,177.67227029800415,,,,,,,
96,1939,,,,,,,,,-51.97999954223633,-55.087039947509766
,1940,,,179.7932243347168,,,,,,,
,1949,,,,,4917.091846466064,,,,,
,1949,,,,11.750936508178711,,,,,,
97,1949,,,,,,-1.7776042222976685,-51.2599983215332,-55.09166717529297,,
97,1959,,,,,,,,,-51.97999954223633,-55.12533187866211
,1960,,,180.70943427085876,,,,,,,
98,1979,,,,,,,,,-51.95600128173828,-55.156837463378906
,1980,,,181.2659833431244,,,,,,,
,1999,,,,,5150.773048400879,,,,,
,1999,,,,25.944948196411133,,,,,,
99,1999,,,,,,-1.6040910482406616,-51.71999740600586,-55.714168548583984,,
99,1999,,,,,,,,,-52.00199890136719,-55.151248931884766
,2000,,,182.76122546195984,,,,,,,
100,2019,,,,,,,,,-52.00299835205078,-55.13862991333008
,2020,,,180.05048775672913,,,,,,,
101,2039,,,,,,,,,-51.96799850463867,-55.12804412841797
,2040,,,182.33303999900818,,,,,,,
,2049,,,,,4778.990983963013,,,,,
,2049,,,,11.854171752929688,,,,,,
102,2049,,,,,,-0.8128031492233276,-51.86000061035156,-55.80833435058594,,
102,2059,,,,,,,,,-52.00299835205078,-55.13071060180664
,2060,,,179.11092281341553,,,,,,,
103,2079,,,,,,,,,-51.92399978637695,-55.11591339111328
,2080,,,179.88073134422302,,,,,,,
,2099,,,,,4856.5354347229,,,,,
,2099,,,,25.50482749938965,,,,,,
104,2099,,,,,,-1.5977612733840942,-51.15999984741211,-55.0716667175293,,
104,2099,,,,,,,,,-51.94300079345703,-55.113914489746094
,2100,,,180.478928565979,,,,,,,
105,2119,,,,,,,,,-51.96799850463867,-55.128841400146484
,2120,,,177.09256887435913,,,,,,,
106,2139,,,,,,,,,-51.972999572753906,-55.15087890625
,2140,,,233.9735927581787,,,,,,,
,2149,,,,,4801.921844482422,,,,,
,2149,,,,11.593341827392578,,,,,,
107,2149,,,,,,-2.0535168647766113,-51.21999740600586,-55.21583557128906,,
107,2159,,,,,,,,,-51.97600173950195,-55.11146926879883
,2160,,,177.8154857158661,,,,,,,
108,2179,,,,,,,,,-51.92100143432617,-55.11220932006836
,2180,,,178.75711345672607,,,,,,,
,2199,,,,,4814.457893371582,,,,,
,2199,,,,25.54941177368164,,,,,,
109,2199,,,,,,-1.8376355171203613,-51.41999816894531,-55.35499954223633,,
109,2199,,,,,,,,,-52.007999420166016,-55.10733413696289
,2200,,,177.77769780158997,,,,,,,
110,2219,,,,,,,,,-51.941001892089844,-55.105918884277344
,2220,,,176.42582774162292,,,,,,,
111,2239,,,,,,,,,-51.92300033569336,-55.04275131225586
,2240,,,176.34476923942566,,,,,,,
,2249,,,,,5233.263969421387,,,,,
,2249,,,,12.741804122924805,,,,,,
112,2249,,,,,,-0.9661031365394592,-51.18000030517578,-55.23250198364258,,
112,2259,,,,,,,,,-51.88999938964844,-55.05195617675781
,2260,,,177.58897757530212,,,,,,,
113,2279,,,,,,,,,-51.87900161743164,-55.08058547973633
,2280,,,179.19593238830566,,,,,,,
,2299,,,,,4821.849822998047,,,,,
,2299,,,,25.18939971923828,,,,,,
114,2299,,,,,,-1.120121717453003,-51.439998626708984,-55.46916961669922,,
114,2299,,,,,,,,,-51.939998626708984,-55.140377044677734
,2300,,,180.53080677986145,,,,,,,
115,2319,,,,,,,,,-51.97700119018555,-55.107540130615234
,2320,,,178.9633605480194,,,,,,,
116,2339,,,,,,,,,-51.94200134277344,-55.09608459472656
,2340,,,181.25126123428345,,,,,,,
,2349,,,,,4769.73819732666,,,,,
,2349,,,,12.928485870361328,,,,,,
117,2349,,,,,,-1.6349458694458008,-50.84000015258789,-54.78499984741211,,
117,2359,,,,,,,,,-51.875999450683594,-55.09791564941406
,2360,,,181.14399576187134,,,,,,,
118,2379,,,,,,,,,-51.861000061035156,-55.06296157836914
,2380,,,176.40989232063293,,,,,,,
,2399,,,,,6385.277986526489,,,,,
,2399,,,,24.941682815551758,,,,,,
119,2399,,,,,,-0.5957612991333008,-51.21999740600586,-55.09916687011719,,
119,2399,,,,,,,,,-51.92399978637695,-55.0976676940918
,2400,,,236.26340627670288,,,,,,,
120,2419,,,,,,,,,-51.90299987792969,-55.05046081542969
,2420,,,237.04336428642273,,,,,,,
121,2439,,,,,,,,,-51.9109992980957,-54.996883392333984
,2440,,,209.0958695411682,,,,,,,
,2449,,,,,4750.616073608398,,,,,
,2449,,,,16.288280487060547,,,,,,
122,2449,,,,,,-1.2603633403778076,-52.02000045776367,-55.91083526611328,,
122,2459,,,,,,,,,-51.94900131225586,-55.13154220581055
,2460,,,177.08206844329834,,,,,,,
123,2479,,,,,,,,,-51.90999984741211,-55.04062271118164
,2480,,,178.6360204219818,,,,,,,
,2499,,,,,4741.524934768677,,,,,
,2499,,,,24.492740631103516,,,,,,
124,2499,,,,,,-1.5739182233810425,-50.81999969482422,-54.97083282470703,,
124,2499,,,,,,,,,-51.93299865722656,-55.03708267211914
,2500,,,179.21154260635376,,,,,,,
125,2519,,,,,,,,,-51.939998626708984,-55.075462341308594
,2520,,,178.98272824287415,,,,,,,
126,2539,,,,,,,,,-51.900001525878906,-55.047462463378906
,2540,,,176.82317972183228,,,,,,,
,2549,,,,,5277.894496917725,,,,,
,2549,,,,13.654470443725586,,,,,,
127,2549,,,,,,-0.43469688296318054,-51.15999984741211,-55.016666412353516,,
127,2559,,,,,,,,,-51.89099884033203,-55.00517272949219
,2560,,,177.93071126937866,,,,,,,
128,2579,,,,,,,,,-51.7869987487793,-54.97346115112305
,2580,,,177.20508337020874,,,,,,,
,2599,,,,,4875.827074050903,,,,,
,2599,,,,24.57904815673828,,,,,,
129,2599,,,,,,-0.490435391664505,-51.19999694824219,-55.122501373291016,,
129,2599,,,,,,,,,-51.86199951171875,-55.03662109375
,2600,,,177.7800555229187,,,,,,,
130,2619,,,,,,,,,-51.845001220703125,-55.09059143066406
,2620,,,179.8120458126068,,,,,,,
131,2639,,,,,,,,,-51.89899826049805,-55.06203842163086
,2640,,,179.0854070186615,,,,,,,
,2649,,,,,4828.23920249939,,,,,
,2649,,,,11.459112167358398,,,,,,
132,2649,,,,,,-1.4959338903427124,-51.23999786376953,-55.0341682434082,,
132,2659,,,,,,,,,-51.85499954223633,-55.07283020019531
,2660,,,178.19116735458374,,,,,,,
133,2679,,,,,,,,,-51.90299987792969,-55.08163070678711
,2680,,,175.6267123222351,,,,,,,
,2699,,,,,4818.324565887451,,,,,
,2699,,,,24.671316146850586,,,,,,
134,2699,,,,,,-1.1802228689193726,-51.55999755859375,-55.4275016784668,,
134,2699,,,,,,,,,-51.86800003051758,-55.060123443603516
,2700,,,178.7545042037964,,,,,,,
135,2719,,,,,,,,,-51.948001861572266,-55.083377838134766
,2720,,,178.35594701766968,,,,,,,
136,2739,,,,,,,,,-51.849998474121094,-55.049415588378906
,2740,,,179.3595073223114,,,,,,,
,2749,,,,,4748.354434967041,,,,,
,2749,,,,12.182950973510742,,,,,,
137,2749,,,,,,-1.1448783874511719,-51.119998931884766,-55.0625,,
137,2759,,,,,,,,,-51.944000244140625,-55.039161682128906
,2760,,,177.88199019432068,,,,,,,
138,2779,,,,,,,,,-51.8380012512207,-55.060001373291016
,2780,,,177.64506840705872,,,,,,,
,2799,,,,,4843.0657386779785,,,,,
,2799,,,,29.728412628173828,,,,,,
139,2799,,,,,,-0.5367360711097717,-51.53999710083008,-55.5775032043457,,
139,2799,,,,,,,,,-51.88100051879883,-55.095333099365234
,2800,,,178.2478642463684,,,,,,,
140,2819,,,,,,,,,-51.8390007019043,-55.03874969482422
,2820,,,180.48103547096252,,,,,,,
141,2839,,,,,,,,,-51.88999938964844,-55.03529357910156
,2840,,,177.56534504890442,,,,,,,
,2849,,,,,4789.713382720947,,,,,
,2849,,,,12.266397476196289,,,,,,
142,2849,,,,,,-1.7767733335494995,-51.439998626708984,-55.38500213623047,,
142,2859,,,,,,,,,-51.922000885009766,-55.1049919128418
,2860,,,179.45167803764343,,,,,,,
143,2879,,,,,,,,,-51.90399932861328,-55.03696060180664
,2880,,,176.61699891090393,,,,,,,
,2899,,,,,4825.774192810059,,,,,
,2899,,,,24.339675903320312,,,,,,
144,2899,,,,,,-0.26528850197792053,-50.91999816894531,-54.94000244140625,,
144,2899,,,,,,,,,-51.926998138427734,-55.0715446472168
,2900,,,177.97039604187012,,,,,,,
145,2919,,,,,,,,,-51.80799865722656,-54.93812561035156
,2920,,,177.9798548221588,,,,,,,
146,2939,,,,,,,,,-51.89500045776367,-55.07158660888672
,2940,,,232.28138279914856,,,,,,,
,2949,,,,,6193.416357040405,,,,,
,2949,,,,12.811660766601562,,,,,,
147,2949,,,,,,-1.8065810203552246,-51.619998931884766,-55.519168853759766,,
147,2959,,,,,,,,,-51.84199905395508,-54.995086669921875
,2960,,,236.41676902770996,,,,,,,
148,2979,,,,,,,,,-51.90599822998047,-54.98362350463867
,2980,,,233.9810495376587,,,,,,,
,2999,,,,,6782.955646514893,,,,,
,2999,,,,26.153564453125,,,,,,
149,2999,,,,,,-1.8187174797058105,-51.31999969482422,-55.290000915527344,,
149,2999,,,,,,,,,-51.85200119018555,-55.06692123413086
,3000,,,237.15226078033447,,,,,,,
150,3000,-51.957000732421875,-55.093421936035156,,,,,,,,
