run_key,problem,method,generation,candidate_id,score,discovery_score,family_label,family_signature,name,motifs
TSP100_family_aware,TSP100,Family-aware,0,f000_011_cf248071,0.0018651920318606408,-0.0018651920318606408,Cost / Pairwise margin,pairwise_margin|cost_gap|logsigmoid|mean|normalization,loss_logsigmoid_000_cost_normalized_stabilized,extra_regularizer;raw_cost_additive;bounded_or_normalized;logsigmoid_backbone;plain_pairwise_margin
TSP100_family_aware,TSP100,Family-aware,0,f000_006_3c0966c5,-0.013375043106078621,0.013375043106078621,Cost / Pairwise margin,pairwise_margin|cost_gap|logsigmoid|sum|clamp_stabilized,loss_logsigmoid_002_cost_shifted_sum,unstructured_weighted_sum;raw_cost_additive;bounded_or_normalized;logsigmoid_backbone;plain_pairwise_margin
TSP100_family_aware,TSP100,Family-aware,1,f001_006_7a9533f8,-0.010966670608520523,0.010966670608520523,Cost / Pairwise margin,pairwise_margin|cost_gap|logsigmoid|mean|clamp_stabilized,loss_logsigmoid_002_cost_shifted_mean,raw_cost_additive;bounded_or_normalized;logsigmoid_backbone;plain_pairwise_margin
TSP100_family_aware,TSP100,Family-aware,2,f002_014_ec78f8e4,0.4690059169769287,-0.4690059169769287,Cost / Pairwise margin,pairwise_margin|advantage_gap|logsigmoid|mean|clamp_stabilized_normalized,pairwise_cost_advantage_gap_logsigmoid_clamped_weighted_normalized,advantage_heavy;bounded_or_normalized;logsigmoid_backbone;plain_pairwise_margin
TSP100_family_aware,TSP100,Family-aware,2,f002_001_b6517213,-0.012530562973022352,0.012530562973022352,Cost / Pairwise margin,pairwise_margin|cost_gap|logsigmoid|median|clamp_stabilized,loss_logsigmoid_003_cost_shifted_median,raw_cost_additive;bounded_or_normalized;logsigmoid_backbone;plain_pairwise_margin
TSP100_family_aware,TSP100,Family-aware,3,f003_003_ea030664,0.006805638885498233,-0.006805638885498233,Advantage / Pairwise margin,pairwise_margin|advantage_gap|logsigmoid|sum_log_transform|clamp_stabilized,pairwise_advantage_gap_weighted_sumlog_logsigmoid_clamped,advantage_heavy;bounded_or_normalized;logsigmoid_backbone;plain_pairwise_margin
TSP100_family_aware,TSP100,Family-aware,4,f004_009_8bc47121,-0.02145215148925761,0.02145215148925761,Cost / Pairwise margin,pairwise_margin|cost_gap|logsigmoid|median|scale_invariance,loss_logsigmoid_004_cost_shifted_median_normalized,extra_regularizer;raw_cost_additive;bounded_or_normalized;logsigmoid_backbone;plain_pairwise_margin
TSP100_family_aware,TSP100,Family-aware,4,f004_012_52eed4b6,1.1220219722747804,-1.1220219722747804,Regret / Regret,pairwise_regret|delta_regret|exp_decay|sum_normalized|relu_nonnegative,loss_delta_regret_exp_normalized_relu,bounded_or_normalized
TSP100_family_aware,TSP100,Family-aware,4,f004_010_768ce53b,0.016811165237427428,-0.016811165237427428,Cost / Pairwise margin,pairwise_margin|cost_gap|logsigmoid|sum_normalized_l1|scale_invariance,loss_logsigmoid_004_cost_shifted_normalized_l1,extra_regularizer;raw_cost_additive;bounded_or_normalized;logsigmoid_backbone;plain_pairwise_margin
TSP100_family_aware,TSP100,Family-aware,4,f004_005_d9e9b2d8,-0.0030386592864988238,0.0030386592864988238,Rank / Pairwise margin,pairwise_margin|delta_rank|logsigmoid|sum|clamp_stabilized,loss_sum_logsigmoid_delta_rank_shift,unstructured_weighted_sum;raw_cost_additive;bounded_or_normalized;logsigmoid_backbone;plain_pairwise_margin
TSP100_family_aware,TSP100,Family-aware,5,f005_002_1c87f731,-0.0012620826721190248,0.0012620826721190248,Rank / Rank-weighted,pairwise_margin_rank_weighted|advantage_gap_delta_rank|logsigmoid|weighted_mean|clamp_stabilized,loss_logsigmoid_advantage_gap_rank_weighted,advantage_heavy;bounded_or_normalized;logsigmoid_backbone;plain_pairwise_margin
TSP100_family_aware,TSP100,Family-aware,6,f006_008_00926f8a,0.7835154827117923,-0.7835154827117923,Regret / Regret,pairwise_regret|delta_regret|exp_decay|mean_normalized|relu_nonnegative,loss_delta_regret_exp_normalized_mean,bounded_or_normalized
TSP100_family_aware,TSP100,Family-aware,6,f006_009_4b7708f2,-0.005374682617187432,0.005374682617187432,Rank / Rank-weighted,pairwise_margin_rank_weighted|advantage_gap_delta_rank|logsigmoid|weighted_mean|smooth_transform,pairwise_rank_weighted_advantage_loss_smooth_margin,advantage_heavy;bounded_or_normalized;logsigmoid_backbone;plain_pairwise_margin
TSP100_family_aware,TSP100,Family-aware,6,f006_007_6cffb58c,-0.0032081489562982846,0.0032081489562982846,Rank / Pairwise margin,pairwise_margin|delta_rank|logsigmoid|mean|weighted_margin,loss_logsigmoid_delta_rank_weighted_margin,bounded_or_normalized;logsigmoid_backbone;plain_pairwise_margin
TSP100_family_aware,TSP100,Family-aware,6,f006_015_55f8855f,0.019121609497070313,-0.019121609497070313,Regret / Pairwise margin,pairwise_margin_advantage_regret|advantage_gap_delta_regret|hinge|weighted_mean|clamp_stabilized,pairwise_advantage_regret_margin_loss,advantage_heavy;bounded_or_normalized;logsigmoid_backbone;plain_pairwise_margin
TSP100_family_aware,TSP100,Family-aware,7,f007_007_10a7f956,0.03040526695251522,-0.03040526695251522,Rank / Rank-weighted norm,pairwise_margin_rank_weighted_exp_normalized|advantage_gap_delta_rank|logsigmoid|weighted_mean|smooth_transform_exp,pairwise_smooth_margin_weighted_exp_normalized,advantage_heavy;bounded_or_normalized;logsigmoid_backbone;plain_pairwise_margin
TSP100_family_aware,TSP100,Family-aware,7,f007_006_bd0a9803,-0.008380913162230996,0.008380913162230996,Rank / Pairwise margin,pairwise_margin|delta_rank|logsigmoid|sum|weighted_margin_with_bias,loss_logsigmoid_delta_rank_weighted_margin_with_bias,unstructured_weighted_sum;bounded_or_normalized;logsigmoid_backbone;plain_pairwise_margin
TSP100_family_aware,TSP100,Family-aware,7,f007_002_3d53a833,-0.0011698871612542128,0.0011698871612542128,Rank / Rank-weighted norm,pairwise_margin_rank_weighted_normalized|advantage_gap_delta_rank|logsigmoid|normalized_weighted_mean_with_clip|explicit_normalization_with_clip,pairwise_rank_weighted_advantage_loss_exp_smooth_margin_normalized_sum_to_one_with_clip,advantage_heavy;bounded_or_normalized;logsigmoid_backbone;plain_pairwise_margin
TSP100_family_aware,TSP100,Family-aware,7,f007_001_f0cb97b6,-0.006049733734130314,0.006049733734130314,Rank / Rank-weighted,pairwise_margin_rank_weighted|advantage_gap_delta_rank|logsigmoid|weighted_mean|smooth_transform,pairwise_smooth_margin_rank_weighted_loss_v2,advantage_heavy;bounded_or_normalized;logsigmoid_backbone;plain_pairwise_margin
TSP100_family_aware,TSP100,Family-aware,7,f007_010_fc25fe0b,0.00021535911560066623,-0.00021535911560066623,Rank / Pairwise margin,pairwise_margin|delta_rank|logsigmoid|weighted_mean|normalization,loss_logsigmoid_delta_rank_weighted_margin_normalized,extra_regularizer;bounded_or_normalized;logsigmoid_backbone;plain_pairwise_margin
TSP100_family_aware,TSP100,Family-aware,8,f008_011_d59eecca,-0.005867020797729161,0.005867020797729161,Regret / Pairwise margin,pairwise_margin|delta_regret|logsigmoid|sum|weighted_margin_with_bias_and_scale_stabilized_nonlinear_delta,loss_logsigmoid_delta_regret_weighted_margin_with_bias_and_scale_stabilized_v2,unstructured_weighted_sum;bounded_or_normalized;logsigmoid_backbone;plain_pairwise_margin
TSP100_family_aware,TSP100,Family-aware,8,f008_013_f9624f1c,-0.0066167686462397235,0.0066167686462397235,Rank / Pairwise margin,pairwise_margin|delta_rank|logsigmoid|weighted_mean|weighted_margin_with_bias,loss_logsigmoid_delta_rank_weighted_margin_with_bias_weighted_mean_agg,bounded_or_normalized;logsigmoid_backbone;plain_pairwise_margin
TSP100_family_aware,TSP100,Family-aware,8,f008_002_972e5d10,-0.014288006973266043,0.014288006973266043,Rank / Rank-weighted norm,pairwise_rank_weighted_normalized|advantage_gap_delta_rank|logsigmoid|normalized_weighted_mean|symmetry_with_explicit_normalization,pairwise_rank_weighted_advantage_loss_symmetry_normalized_sum_to_one,extra_regularizer;advantage_heavy;bounded_or_normalized;logsigmoid_backbone
TSP100_family_aware,TSP100,Family-aware,8,f008_008_6405791f,-0.008750127792358064,0.008750127792358064,Rank / Pairwise margin,pairwise_margin|delta_rank|logsigmoid|sum|weighted_margin_with_scaled_bias,pairwise_margin_bias_shift_scaled,unstructured_weighted_sum;bounded_or_normalized;logsigmoid_backbone;plain_pairwise_margin
TSP100_family_aware,TSP100,Family-aware,8,f008_000_7b65e831,-0.0024480976104732655,0.0024480976104732655,Advantage / Pairwise margin,pairwise_margin|advantage_gap|logsigmoid|sum_normalized|clamp_stabilized,loss_logsigmoid_advantage_gap_pairwise_sum_normalized_v2,advantage_heavy;bounded_or_normalized;logsigmoid_backbone;plain_pairwise_margin
TSP100_family_aware,TSP100,Family-aware,8,f008_007_b7ddd24d,-0.006472298049926106,0.006472298049926106,Rank / Pairwise margin,pairwise_margin|delta_rank|logsigmoid|sum|weighted_margin_with_learnable_bias,loss_logsigmoid_delta_rank_weighted_margin_bias_learnable,unstructured_weighted_sum;bounded_or_normalized;logsigmoid_backbone;plain_pairwise_margin
TSP100_family_aware,TSP100,Family-aware,8,f008_006_8fcaaf73,0.852348743057251,-0.852348743057251,Cost / Cost Weighted,pairwise_cost_weighted|cost_gap|softplus_logsigmoid|normalized_weighted_mean|positive_weight_softplus,pairwise_cost_gap_softplus_logsigmoid_normalized_mean,advantage_heavy;bounded_or_normalized;logsigmoid_backbone
TSP100_family_aware,TSP100,Family-aware,8,f008_009_1363c63d,0.013077221679687945,-0.013077221679687945,Regret / Interaction,pairwise_interaction|cost_gap_delta_regret|exp|log_sum_exp|positive_strict,pairwise_cost_regret_interaction_exp_agg_loss,advantage_heavy
TSP100_family_aware,TSP100,Family-aware,8,f008_015_7ce47577,-0.0047830284118650646,0.0047830284118650646,Rank / Rank-weighted scale,pairwise_margin_rank_weighted_scale_invariant|advantage_gap_delta_rank|logsigmoid|normalized_weighted_mean|scale_invariance_normalization,pairwise_rank_weighted_advantage_loss_scale_invariant_normalized_sum,extra_regularizer;advantage_heavy;bounded_or_normalized;logsigmoid_backbone;plain_pairwise_margin
TSP100_family_aware,TSP100,Family-aware,8,f008_012_0f30c0f1,-0.00750433311462384,0.00750433311462384,Rank / Pairwise margin,pairwise_margin|delta_rank|logsigmoid|mean|weighted_margin_with_bias,loss_logsigmoid_delta_rank_weighted_margin_bias_mean,extra_regularizer;bounded_or_normalized;logsigmoid_backbone;plain_pairwise_margin
TSP100_family_aware,TSP100,Family-aware,8,f008_014_20037da3,0.22672706680297905,-0.22672706680297905,Rank / Pairwise margin,pairwise_margin|delta_rank|logsigmoid_softplus_scaled|sum|weighted_margin_with_bias_scaled_softplus,pairwise_margin_bias_scaled_softplus_loss,unstructured_weighted_sum;bounded_or_normalized;logsigmoid_backbone;plain_pairwise_margin
TSP100_family_aware,TSP100,Family-aware,8,f008_001_a9c1c149,0.22608864402771056,-0.22608864402771056,Regret / Ratio,pairwise_ratio|delta_regret|logsigmoid|normalized_weighted_sum|pos_ratio_scale_invariant,loss_logsigmoid_delta_regret_pairwise_dif_ratio_normalized,extra_regularizer;advantage_heavy;bounded_or_normalized;logsigmoid_backbone
TSP100_family_aware,TSP100,Family-aware,9,f009_012_fe608485,-0.007863076782226308,0.007863076782226308,Rank / Rank-weighted norm,pairwise_rank_weighted_normalized|advantage_gap_delta_rank|logsigmoid|normalized_weighted_mean|symmetry_with_explicit_normalization,pairwise_rank_weighted_advantage_loss_symmetry_normalized_sum_to_one_v2,advantage_heavy;bounded_or_normalized;logsigmoid_backbone
TSP100_family_aware,TSP100,Family-aware,9,f009_006_47247800,0.4542926700592038,-0.4542926700592038,Rank / Pairwise margin,pairwise_margin|delta_rank|logsigmoid|normalized_weighted_sum|scaled_shifted_margin_smooth_shift,loss_logsigmoid_delta_rank_weighted_margin_scaled_shifted_v3,bounded_or_normalized;logsigmoid_backbone;plain_pairwise_margin
TSP100_family_aware,TSP100,Family-aware,9,f009_004_87c5bf56,-0.0023565067291260178,0.0023565067291260178,Rank / Adv-weighted norm,pairwise_advantage_weighted_normalized|advantage_gap_delta_rank_modulated|logsigmoid_linear_margin|normalized_weighted_mean|symmetry_with_advantage_modulation,pairwise_normalized_symmetry_advantage_weighted_loss,advantage_heavy;bounded_or_normalized;logsigmoid_backbone
TSP100_family_aware,TSP100,Family-aware,9,f009_015_c898aa82,0.07333044281005918,-0.07333044281005918,Advantage / Pairwise margin,pairwise_margin_weighted_normalized|advantage_gap|logsigmoid|normalized_weighted_mean|scale_invariance_with_clipping,pairwise_advantage_loss_with_scale_invariance_and_clipping,extra_regularizer;advantage_heavy;bounded_or_normalized;logsigmoid_backbone;plain_pairwise_margin
TSP100_family_aware,TSP100,Family-aware,9,f009_001_7ef2567f,-0.001981002807616594,0.001981002807616594,Rank / Margin clipped,pairwise_margin_with_clipping|delta_rank|logsigmoid|normalized_weighted_sum|explicit_clipping_normalization,loss_logsigmoid_delta_rank_weighted_margin_clip_normalized,extra_regularizer;bounded_or_normalized;logsigmoid_backbone;plain_pairwise_margin
TSP100_family_aware,TSP100,Family-aware,9,f009_011_064cf83f,0.005766624450683988,-0.005766624450683988,Rank / Rank-weighted norm,pairwise_rank_weighted_normalized|advantage_gap_delta_rank|logsigmoid|normalized_weighted_mean|symmetry_with_explicit_normalization,pairwise_rank_weighted_advantage_loss_symmetry_normalized_sum_to_one_v2,advantage_heavy;bounded_or_normalized;logsigmoid_backbone
TSP100_family_aware,TSP100,Family-aware,9,f009_009_11a243e4,-0.013208696746825677,0.013208696746825677,Rank / Pairwise margin,pairwise_margin|delta_rank|logsigmoid|normalized_weighted_sum|clipping_with_explicit_normalization,pairwise_margin_with_bias_and_clip_normalized,extra_regularizer;unstructured_weighted_sum;bounded_or_normalized;logsigmoid_backbone;plain_pairwise_margin
TSP100_family_aware,TSP100,Family-aware,9,f009_014_d11cb48f,-0.006129478836059299,0.006129478836059299,Other / Pairwise margin,pairwise_margin|delta_z|logsigmoid|weighted_mean|weighted_margin_with_scaled_bias,pairwise_margin_weighted_mean_delta_z_scaled_bias,bounded_or_normalized;logsigmoid_backbone;plain_pairwise_margin
TSP100_family_disabled,TSP100,Family-disabled,0,f000_010_c110044d,-0.001835835266113417,0.001835835266113417,Cost / Pairwise margin,pairwise_margin|cost_gap|logsigmoid|sum|clamp_stabilized,loss_logsigmoid_001_cost_weighted_gap_sum,unstructured_weighted_sum;raw_cost_additive;bounded_or_normalized;logsigmoid_backbone;plain_pairwise_margin
TSP100_family_disabled,TSP100,Family-disabled,0,f000_006_4cc3fabf,-0.006879595947265393,0.006879595947265393,Cost / Pairwise margin,pairwise_margin|cost_gap|logsigmoid|sum|clamp_stabilized,loss_logsigmoid_000_cost_sum,unstructured_weighted_sum;raw_cost_additive;bounded_or_normalized;logsigmoid_backbone;plain_pairwise_margin
TSP100_family_disabled,TSP100,Family-disabled,0,f000_009_cbd58e43,1.0140885402679447,-1.0140885402679447,Other / Unknown,paradigm=unknown|signal=unknown|agg=unknown|constraint=unknown,Stable Combined Pairwise LogSigmoid Loss,rankprob_or_probabilistic;bounded_or_normalized;logsigmoid_backbone
TSP100_family_disabled,TSP100,Family-disabled,0,f000_015_fe280c93,3.4416328403472902,-3.4416328403472902,Other / Pairwise margin,pairwise_margin|logprob_gap|logsigmoid|mean|weight_normalization,loss_logsigmoid_001_norm_weighted,extra_regularizer;bounded_or_normalized;logsigmoid_backbone;plain_pairwise_margin
TSP100_family_disabled,TSP100,Family-disabled,0,f000_002_ecb61900,0.122272075271606,-0.122272075271606,Rank / Weighted Margin,pairwise_weighted_margin|advantage_gap|tanh|mean|relu_margin_saturation,loss_pairwise_rank_weighted_exp_advantage,advantage_heavy;bounded_or_normalized;logsigmoid_backbone
TSP100_family_disabled,TSP100,Family-disabled,0,f000_001_ac25db63,-0.01138016357421856,0.01138016357421856,Cost / Pairwise margin,pairwise_margin|cost_gap|logsigmoid|sum|clamp_stabilized,loss_logsigmoid_000_cost_sum,unstructured_weighted_sum;raw_cost_additive;bounded_or_normalized;logsigmoid_backbone;plain_pairwise_margin
TSP100_family_disabled,TSP100,Family-disabled,0,f000_000_6c1bd53a,0.0028716415405276585,-0.0028716415405276585,Advantage / Logistic,pairwise_logsigmoid|advantage_gap|logsigmoid|weighted_avg|none,loss_logsigmoid_advantage_weighted_avg,advantage_heavy;rankprob_or_probabilistic;logsigmoid_backbone
TSP100_family_disabled,TSP100,Family-disabled,1,f001_006_dabf0e9f,0.002513544845581528,-0.002513544845581528,Cost / Pairwise margin,pairwise_margin|cost_gap|softplus|sum|clamp_stabilized,preference_diff_pairwise_margin_softplus,unstructured_weighted_sum;bounded_or_normalized;logsigmoid_backbone;plain_pairwise_margin
TSP100_family_disabled,TSP100,Family-disabled,1,f001_014_7ae2ffd8,0.0036285076141355788,-0.0036285076141355788,Rank / Rank-weighted,pairwise_rank_weighted|delta_regret|sigmoid_logsigmoid_tanh|sum|tanh_smooth,loss_pairwise_rank_weighted_sigmoid_regret_relaxed,rankprob_or_probabilistic;unstructured_weighted_sum;bounded_or_normalized;logsigmoid_backbone
TSP100_family_disabled,TSP100,Family-disabled,1,f001_003_5743b184,0.02839793663024892,-0.02839793663024892,Rank / Rank-weighted,pairwise_rank_weighted|advantage_gap|tanh_mul|weighted_mean|rank_normalization,loss_tanh_rank_advantage_weighted,advantage_heavy;bounded_or_normalized;logsigmoid_backbone
TSP100_family_disabled,TSP100,Family-disabled,1,f001_002_3dd6bbd5,-0.007318238830566148,0.007318238830566148,Cost / Pairwise margin,pairwise_margin|cost_gap|logsigmoid|weighted_avg|scale_invariance,loss_logsigmoid_001_cost_sum_normalized,extra_regularizer;raw_cost_additive;bounded_or_normalized;logsigmoid_backbone;plain_pairwise_margin
TSP100_family_disabled,TSP100,Family-disabled,1,f001_004_32b067ae,0.002000837707519576,-0.002000837707519576,Advantage / Logistic,pairwise_logsigmoid|advantage_gap|logsigmoid|mean|clamp,loss_logsigmoid_advantage_weighted_avg_clamped,advantage_heavy;bounded_or_normalized;logsigmoid_backbone
TSP100_family_disabled,TSP100,Family-disabled,2,f002_000_a953106c,0.1993506134033205,-0.1993506134033205,Rank / Weighted Margin,pairwise_weighted_margin|advantage_gap|tanh|weighted_sum_normalized|relu_margin_saturation,loss_pairwise_rank_weighted_exp_advantage_sum,advantage_heavy;bounded_or_normalized
TSP100_family_disabled,TSP100,Family-disabled,2,f002_004_775cbebd,0.22028464927673364,-0.22028464927673364,Advantage / Pairwise margin,pairwise_margin|advantage_gap|logsigmoid|weighted_avg|symmetry_clipping,loss_logsigmoid_002_advantage_gap_symmetry_clipped,advantage_heavy;bounded_or_normalized;logsigmoid_backbone;plain_pairwise_margin
TSP100_family_disabled,TSP100,Family-disabled,2,f002_001_a2240e37,0.010175241470336882,-0.010175241470336882,Cost / Pairwise margin,pairwise_margin|advantage_gap|logsigmoid|weighted_avg|scale_invariance,pairwise_cost_gap_logsigmoid_weighted_advantage,extra_regularizer;advantage_heavy;bounded_or_normalized;logsigmoid_backbone;plain_pairwise_margin
TSP100_family_disabled,TSP100,Family-disabled,2,f002_007_97acb6f1,0.03167841720581066,-0.03167841720581066,Advantage / Pairwise margin,pairwise_margin|advantage_weighted_nonlin_diff|logsigmoid|weighted_avg|scale_invariance,loss_logsigmoid_advantage_weighted_diff_nonlin_weighted_avg,extra_regularizer;advantage_heavy;bounded_or_normalized;logsigmoid_backbone;plain_pairwise_margin
TSP100_family_disabled,TSP100,Family-disabled,2,f002_013_3482c06b,-0.0039281387329102024,0.0039281387329102024,Advantage / Pairwise margin,pairwise_margin|advantage_gap|logsigmoid|logsumexp|clamp_stabilized,loss_logsigmoid_002_advantage_gap_logsumexp,advantage_heavy;rankprob_or_probabilistic;bounded_or_normalized;logsigmoid_backbone;plain_pairwise_margin
TSP100_family_disabled,TSP100,Family-disabled,2,f002_006_6e3d87e2,-0.008782936096191296,0.008782936096191296,Advantage / Logistic,pairwise_logsigmoid|advantage_gap_exp|logsigmoid_shifted_exp_weighted|weighted_avg|scale_invariance,loss_logsigmoid_advantage_weighted_avg_exp_weight_shift,extra_regularizer;advantage_heavy;bounded_or_normalized;logsigmoid_backbone
TSP100_family_disabled,TSP100,Family-disabled,2,f002_005_8b0e2251,-0.012065986251831085,0.012065986251831085,Advantage / Pairwise margin,pairwise_margin|advantage_gap|logsigmoid|weighted_avg|scale_invariance,pairwise_logsigmoid_advantage_gap_clipped_weighted_avg,extra_regularizer;advantage_heavy;bounded_or_normalized;logsigmoid_backbone;plain_pairwise_margin
TSP100_family_disabled,TSP100,Family-disabled,2,f002_010_ec8232d8,0.16535618858337342,-0.16535618858337342,Cost / Pairwise margin,pairwise_margin|logprob_cost_advantage|logsigmoid|weighted_avg|scale_invariance,loss_logsigmoid_scaled_exp_weighted_combined_margin,extra_regularizer;advantage_heavy;bounded_or_normalized;logsigmoid_backbone;plain_pairwise_margin
TSP100_family_disabled,TSP100,Family-disabled,2,f002_008_37003eaa,0.0038035285949704623,-0.0038035285949704623,Advantage / Pairwise margin,pairwise_margin|advantage_gap|logsigmoid|mean|clamp_stabilized,loss_logsigmoid_002_advantage_mean,advantage_heavy;bounded_or_normalized;logsigmoid_backbone;plain_pairwise_margin
TSP100_family_disabled,TSP100,Family-disabled,3,f003_013_1f4412a1,0.003453850173950279,-0.003453850173950279,Advantage / Pairwise margin,pairwise_margin|advantage_gap|logsigmoid|median|clamp_stabilized,pairwise_logsigmoid_advantage_gap_median_aggregation_clipped,advantage_heavy;bounded_or_normalized;logsigmoid_backbone;plain_pairwise_margin
TSP100_family_disabled,TSP100,Family-disabled,3,f003_008_8ee0ffb1,0.00417715721130385,-0.00417715721130385,Advantage / Logistic,pairwise_logsigmoid|advantage_gap|logsigmoid|weighted_avg|margin_shifted,pairwise_logsigmoid_advantage_gap_weighted_avg_margin,advantage_heavy;logsigmoid_backbone
TSP100_family_disabled,TSP100,Family-disabled,3,f003_004_afa45e4f,0.004141407394409047,-0.004141407394409047,Rank / Rank-weighted,pairwise_rank_weighted|delta_regret|sigmoid_logsigmoid_tanh|normalized_sum|normalization,loss_pairwise_rank_weighted_sigmoid_regret_normalized,extra_regularizer;bounded_or_normalized;logsigmoid_backbone
TSP100_family_disabled,TSP100,Family-disabled,3,f003_010_4c3f6061,-0.006877206420897952,0.006877206420897952,Advantage / Pairwise margin,pairwise_margin|advantage_gap|logsigmoid|weighted_avg|scale_invariance,pairwise_weighted_logsigmoid_advantage_gap_margin_shifted,extra_regularizer;advantage_heavy;bounded_or_normalized;logsigmoid_backbone;plain_pairwise_margin
TSP100_family_disabled,TSP100,Family-disabled,3,f003_007_71419b51,0.004186139678955314,-0.004186139678955314,Advantage / Pairwise margin,pairwise_margin|advantage_gap|logsigmoid|sum_exp_weighted|clamp,pairwise_logsigmoid_advantage_gap_sum_exp_agg,advantage_heavy;bounded_or_normalized;logsigmoid_backbone;plain_pairwise_margin
TSP100_family_disabled,TSP100,Family-disabled,3,f003_009_d17f1faf,0.12937721099853539,-0.12937721099853539,Rank / Rank Blend,pairwise_rank_blend|advantage_gap|tanh|weighted_avg|soft_margin_saturation,pairwise_rank_blend_tanh_margin_weighted_avg,advantage_heavy;bounded_or_normalized
TSP100_family_disabled,TSP100,Family-disabled,3,f003_003_681ee05b,-0.004624113845824951,0.004624113845824951,Advantage / Pairwise margin,pairwise_margin|advantage_gap|logsigmoid|weighted_avg|scale_invariance,pairwise_scaled_advantage_logsigmoid_weighted_v2,extra_regularizer;advantage_heavy;bounded_or_normalized;logsigmoid_backbone;plain_pairwise_margin
TSP100_family_disabled,TSP100,Family-disabled,3,f003_015_aa194fdb,-0.008814140701293827,0.008814140701293827,Advantage / Pairwise margin,pairwise_margin|advantage_gap|logsigmoid|weighted_avg|scale_invariance,pairwise_logsigmoid_advantage_gap_clipped_weighted_avg_regnorm,extra_regularizer;advantage_heavy;bounded_or_normalized;logsigmoid_backbone;plain_pairwise_margin
TSP100_family_disabled,TSP100,Family-disabled,3,f003_012_04aaac8f,-0.011103067398070987,0.011103067398070987,Advantage / Pairwise margin,pairwise_margin|advantage_gap_entropy_reg|logsigmoid|weighted_avg|none,pairwise_logsigmoid_advantage_gap_weighted_avg_entropy_reg,extra_regularizer;advantage_heavy;bounded_or_normalized;logsigmoid_backbone
TSP100_family_disabled,TSP100,Family-disabled,3,f003_006_017e961b,0.09912915344238327,-0.09912915344238327,Advantage / Weighted Margin,pairwise_weighted_margin|advantage_gap|tanh|weighted_avg|normalization,pairwise_weighted_margin_advantage_gap_normalized,extra_regularizer;advantage_heavy;bounded_or_normalized
TSP100_family_disabled,TSP100,Family-disabled,4,f004_008_f00e5044,0.021132488632202406,-0.021132488632202406,Rank / Ranksigmoid,pairwise_ranksigmoid|advantage_rank_blend|sigmoid|weighted_sum|clamp_stabilized,pairwise_ranksigmoid_advantage_rank_blend_weighted_sum,advantage_heavy;rankprob_or_probabilistic;unstructured_weighted_sum;bounded_or_normalized;logsigmoid_backbone
TSP100_family_disabled,TSP100,Family-disabled,4,f004_006_483e8de4,0.0031231700897218495,-0.0031231700897218495,Advantage / Pairwise margin,pairwise_margin|advantage_gap|logsigmoid|logsumexp_normalized|scale_invariance,pairwise_logsigmoid_advantage_gap_weighted_sum_exp_agg,extra_regularizer;advantage_heavy;rankprob_or_probabilistic;bounded_or_normalized;logsigmoid_backbone;plain_pairwise_margin
TSP100_family_disabled,TSP100,Family-disabled,4,f004_015_15d49e3c,-0.003652312850952022,0.003652312850952022,Rank / Pairwise margin,pairwise_margin|advantage_gap_entropy_reg_poly_delta_rank|logsigmoid|weighted_sum|none,pairwise_logsigmoid_advantage_gap_weighted_sum_entropy_reg_poly_delta_rank,extra_regularizer;advantage_heavy;unstructured_weighted_sum;bounded_or_normalized;logsigmoid_backbone
TSP100_family_disabled,TSP100,Family-disabled,4,f004_003_75ea8d50,-0.009961179351806404,0.009961179351806404,Rank / Pairwise margin,pairwise_margin|advantage_gap_entropy_reg_delta_rank_advantage_poly_interaction|logsigmoid|weighted_avg|none,pairwise_logsigmoid_advantage_gap_weighted_avg_entropy_reg_delta_rank_advantage_poly_interaction,extra_regularizer;advantage_heavy;bounded_or_normalized;logsigmoid_backbone
TSP100_family_disabled,TSP100,Family-disabled,4,f004_005_e6955bbb,2.3582644153594967,-2.3582644153594967,Advantage / Pairwise margin,pairwise_margin|advantage_gap|logsigmoid|weighted_avg|scale_invariance,pairwise_logsigmoid_advantage_gap_weighted_bias_v1,extra_regularizer;advantage_heavy;rankprob_or_probabilistic;bounded_or_normalized;logsigmoid_backbone;plain_pairwise_margin
TSP100_family_disabled,TSP100,Family-disabled,4,f004_007_76242548,-0.01161711578369129,0.01161711578369129,Advantage / Pairwise margin,pairwise_margin|advantage_gap|logsigmoid|weighted_sum_clamp|none,pairwise_logsigmoid_advantage_gap_weighted_sum_clamp,advantage_heavy;unstructured_weighted_sum;bounded_or_normalized;logsigmoid_backbone;plain_pairwise_margin
TSP100_family_disabled,TSP100,Family-disabled,4,f004_013_8fde5ebc,-0.00398465461730968,0.00398465461730968,Advantage / Pairwise margin,pairwise_margin|advantage_gap|logsigmoid|weight_norm_avg|weight_normalization_neg_entropy_reg,pairwise_logsigmoid_advantage_gap_weighted_avg_inv_weight_entropy_reg,extra_regularizer;advantage_heavy;bounded_or_normalized;logsigmoid_backbone;plain_pairwise_margin
TSP100_family_disabled,TSP100,Family-disabled,4,f004_000_55bdaa91,-0.013122932052612057,0.013122932052612057,Advantage / Pairwise margin,pairwise_margin|advantage_gap_entropy_reg|logsigmoid|weighted_sum|none,pairwise_logsigmoid_advantage_gap_weighted_sum_entropy_reg,extra_regularizer;advantage_heavy;unstructured_weighted_sum;bounded_or_normalized;logsigmoid_backbone
TSP100_family_disabled,TSP100,Family-disabled,4,f004_009_918363dc,0.1432007740020751,-0.1432007740020751,Advantage / Pairwise margin,pairwise_margin|advantage_gap_entropy_reg|tanh|weighted_avg|none,pairwise_tanh_advantage_gap_weighted_avg_entropy_reg,extra_regularizer;advantage_heavy;bounded_or_normalized;logsigmoid_backbone
TSP100_family_disabled,TSP100,Family-disabled,5,f005_010_baa14678,0.0939711509704595,-0.0939711509704595,Advantage / Pairwise margin,pairwise_margin|advantage_gap_entropy_reg|logsigmoid|weighted_norm|none,pairwise_logsigmoid_advantage_gap_weighted_norm_entropy_reg,extra_regularizer;advantage_heavy;bounded_or_normalized;logsigmoid_backbone
TSP100_family_disabled,TSP100,Family-disabled,5,f005_011_831d0d04,-0.009978086853027257,0.009978086853027257,Advantage / Pairwise margin,pairwise_margin|advantage_gap_entropy_var|logsigmoid|weighted_avg_clamp_norm_entropy_var_reg|normalization_entropy_variance,pairwise_logsigmoid_advantage_gap_weighted_avg_clamp_norm_entropy_var_reg,extra_regularizer;advantage_heavy;bounded_or_normalized;logsigmoid_backbone
TSP100_family_disabled,TSP100,Family-disabled,5,f005_012_3f5421f4,-0.004200271987914839,0.004200271987914839,Advantage / Pairwise margin,pairwise_margin|advantage_gap_exp_entropy_reg|logsigmoid|weighted_avg|none,pairwise_logsigmoid_advantage_gap_weighted_avg_entropy_reg_scaled_exp,extra_regularizer;advantage_heavy;bounded_or_normalized;logsigmoid_backbone
TSP100_family_disabled,TSP100,Family-disabled,5,f005_001_c7c302ed,-0.004412270736694257,0.004412270736694257,Advantage / Pairwise margin,pairwise_margin|advantage_gap_entropy_reg|logsigmoid|weighted_avg|none,pairwise_logsigmoid_advantage_gap_weighted_avg_entropy_reg_clamped,extra_regularizer;advantage_heavy;bounded_or_normalized;logsigmoid_backbone
TSP100_family_disabled,TSP100,Family-disabled,5,f005_003_021076b2,-0.008543948745727725,0.008543948745727725,Advantage / Pairwise margin,pairwise_margin|advantage_gap_entropy_reg_interaction_exp_decay|logsigmoid|weighted_mean|none,pairwise_logsigmoid_advantage_gap_entropy_reg_interaction_scaled_exp,extra_regularizer;advantage_heavy;bounded_or_normalized;logsigmoid_backbone
TSP100_family_disabled,TSP100,Family-disabled,5,f005_007_2a3a6cb3,0.005232704544067435,-0.005232704544067435,Rank / Rank Blend,pairwise_rank_blend|advantage_delta_rank|softplus_logsigmoid_mixture|weighted_sum|clamp_stabilized,pairwise_rank_blend_margin_advantage_softplus_weighted_logsigmoid_sum,advantage_heavy;unstructured_weighted_sum;bounded_or_normalized;logsigmoid_backbone
TSP100_family_disabled,TSP100,Family-disabled,5,f005_015_08c0381c,-0.008987471771240152,0.008987471771240152,Rank / Pairwise margin,pairwise_margin|advantage_gap_delta_rank_entropy_reg|logsigmoid|weighted_avg|none,pairwise_logsigmoid_advantage_gap_weighted_avg_entropy_reg_norm_delta_rank,extra_regularizer;advantage_heavy;bounded_or_normalized;logsigmoid_backbone
TSP100_family_disabled,TSP100,Family-disabled,5,f005_004_0770ff36,-0.008472515106201062,0.008472515106201062,Advantage / Pairwise margin,pairwise_margin|advantage_gap|logsigmoid|weighted_sum|weight_normalization,pairwise_logsigmoid_advantage_gap_weighted_sum_weight_norm,extra_regularizer;advantage_heavy;bounded_or_normalized;logsigmoid_backbone;plain_pairwise_margin
TSP100_family_disabled,TSP100,Family-disabled,5,f005_009_e7cc952e,0.0016364177703858118,-0.0016364177703858118,Advantage / Relative Difference,pairwise_relative_difference|advantage_gap|logsigmoid|weighted_harmonic_mean|exp_stability_regularization,pairwise_rel_diff_logsigmoid_advantage_gap_weighted_exp_reg,extra_regularizer;advantage_heavy;rankprob_or_probabilistic;bounded_or_normalized;logsigmoid_backbone
TSP100_family_disabled,TSP100,Family-disabled,6,f006_001_a2a567f3,-0.005727082061767419,0.005727082061767419,Advantage / Pairwise margin,pairwise_margin|advantage_gap_entropy_zscore_reg|logsigmoid_tanh_adv|weighted_avg_clamp_norm_entropy_zscore_reg_eps_stable|normalization_entropy_zscore_eps,pairwise_logsigmoid_advantage_gap_weighted_avg_clamp_norm_entropy_var_reg_eps_stable_alpha_beta_adapt,extra_regularizer;advantage_heavy;bounded_or_normalized;logsigmoid_backbone
TSP100_family_disabled,TSP100,Family-disabled,6,f006_015_0509f79f,-0.006524695968628258,0.006524695968628258,Rank / Pairwise margin,pairwise_margin|advantage_gap_delta_rank_entropy_reg|logsigmoid|weighted_sum_log_norm|none,pairwise_logsigmoid_advantage_gap_weighted_sum_log_norm_entropy_reg_delta_rank,extra_regularizer;advantage_heavy;bounded_or_normalized;logsigmoid_backbone
TSP100_family_disabled,TSP100,Family-disabled,6,f006_005_0eceb52f,0.05144020500183144,-0.05144020500183144,Advantage / Pairwise margin,pairwise_margin|advantage_gap_entropy_var|logsigmoid|weighted_avg_clamp_norm_entropy_var_reg|normalization_entropy_variance,pairwise_entropy_variance_regularized_loss,extra_regularizer;advantage_heavy;bounded_or_normalized;logsigmoid_backbone
TSP100_family_disabled,TSP100,Family-disabled,6,f006_011_0ad0b7d1,-0.004739336395263916,0.004739336395263916,Advantage / Pairwise margin,pairwise_margin|advantage_gap|softplus|weighted_mean|none,pairwise_logsigmoid_advantage_gap_weighted_mean_softplus_scale,extra_regularizer;advantage_heavy;bounded_or_normalized;logsigmoid_backbone;plain_pairwise_margin
TSP100_family_disabled,TSP100,Family-disabled,6,f006_013_83b38258,-0.003721649932861393,0.003721649932861393,Cost / Pairwise margin,pairwise_margin|advantage_w|logsigmoid|weighted_sum|weight_normalization,pairwise_logsigmoid_advantage_weighted_sum_weight_norm_with_cost_reg,extra_regularizer;advantage_heavy;bounded_or_normalized;logsigmoid_backbone;plain_pairwise_margin
TSP100_family_disabled,TSP100,Family-disabled,6,f006_010_ca613bd4,0.003019485092162988,-0.003019485092162988,Advantage / Pairwise margin,pairwise_margin|advantage_gap_entropy_var_reciprocal_reg|logsigmoid|weighted_avg_clamp_reciprocal_entropy_var_reg|normalization_entropy_variance_reciprocal,pairwise_logsigmoid_advantage_gap_weighted_avg_clamp_entropy_reg_reciprocal_variance,extra_regularizer;advantage_heavy;bounded_or_normalized;logsigmoid_backbone
TSP100_family_disabled,TSP100,Family-disabled,6,f006_006_3b94fa18,-0.004886169052123801,0.004886169052123801,Advantage / Pairwise margin,pairwise_margin|advantage_gap_entropy_cov|logsigmoid|weighted_avg_norm_entropy_cov_reg|normalization_entropy_covariance,pairwise_advantage_entropy_covariance_reg,extra_regularizer;advantage_heavy;bounded_or_normalized;logsigmoid_backbone
TSP100_family_disabled,TSP100,Family-disabled,7,f007_009_8f9ba543,-0.009253922271728054,0.009253922271728054,Rank / Pairwise margin,pairwise_margin|advantage_gap_delta_rank_entropy_reg_poly|logsigmoid|weighted_avg_exp_norm|none,pairwise_logsigmoid_advantage_gap_weighted_exp_norm_entropy_reg_delta_rank_poly,extra_regularizer;advantage_heavy;bounded_or_normalized;logsigmoid_backbone
TSP100_family_disabled,TSP100,Family-disabled,7,f007_014_2a99799f,-0.005190131378173923,0.005190131378173923,Rank / Pairwise margin,pairwise_margin|advantage_gap_delta_rank_entropy_reg|logsigmoid|weighted_avg_clipped_norm|clipping,pairwise_logsigmoid_advantage_gap_weighted_avg_clipped_norm_entropy_reg_delta_rank,extra_regularizer;advantage_heavy;bounded_or_normalized;logsigmoid_backbone
TSP100_family_disabled,TSP100,Family-disabled,7,f007_008_26e186ef,-0.0067793106079099275,0.0067793106079099275,Advantage / Pairwise margin,pairwise_margin|advantage_gap|softplus|weighted_sum_sqrt_norm|none,pairwise_softplus_advantage_gap_weighted_sum_normalized_weight,extra_regularizer;advantage_heavy;bounded_or_normalized;plain_pairwise_margin
TSP100_family_disabled,TSP100,Family-disabled,7,f007_003_50560dfc,-0.0035824146270750923,0.0035824146270750923,Advantage / Pairwise margin,pairwise_margin|advantage_gap_entropy_cov_exp_scaled_variant|logsigmoid|weighted_avg_norm_entropy_cov_reg_exp_scaled|nonlinear_entropy_covariance_scaled,pairwise_advantage_entropy_cov_reg_exp_scaled_variant,extra_regularizer;advantage_heavy;bounded_or_normalized;logsigmoid_backbone
TSP100_family_disabled,TSP100,Family-disabled,7,f007_006_11c1c7de,-0.0036271537780763197,0.0036271537780763197,Rank / Pairwise margin,pairwise_margin|advantage_gap_delta_rank_entropy_reg|logsigmoid|weighted_sum_swish_norm|none,pairwise_logsigmoid_advantage_gap_weighted_sum_swish_norm_entropy_reg_delta_rank_poly,extra_regularizer;advantage_heavy;bounded_or_normalized;logsigmoid_backbone
TSP100_family_disabled,TSP100,Family-disabled,7,f007_001_7b75011d,0.06021571235656742,-0.06021571235656742,Rank / Pairwise margin,pairwise_margin|advantage_gap_delta_rank_entropy_reg_poly|logsigmoid|weighted_avg_sqrtnorm|none,pairwise_logsigmoid_advantage_gap_weighted_avg_sqrt_norm_entropy_reg_delta_rank_poly,extra_regularizer;advantage_heavy;bounded_or_normalized;logsigmoid_backbone
TSP100_family_disabled,TSP100,Family-disabled,7,f007_000_1fc29ac9,-0.005790252304076926,0.005790252304076926,Rank / Pairwise margin,pairwise_margin|advantage_gap_delta_rank_entropy_reg|logsigmoid|weighted_avg_exp_norm|none,pairwise_logsigmoid_advantage_gap_weighted_avg_exp_norm_entropy_reg_delta_rank,extra_regularizer;advantage_heavy;bounded_or_normalized;logsigmoid_backbone
TSP100_family_disabled,TSP100,Family-disabled,7,f007_015_b521d599,-0.0047379539489744715,0.0047379539489744715,Rank / Pairwise margin,pairwise_margin|advantage_gap_entropy_reg_delta_rank_poly_interaction_normalized|logsigmoid|weighted_avg|none,pairwise_logsigmoid_advantage_gap_weighted_avg_entropy_reg_delta_rank_poly_interaction_v2,extra_regularizer;advantage_heavy;bounded_or_normalized;logsigmoid_backbone
TSP100_family_disabled,TSP100,Family-disabled,7,f007_012_34f8c97d,-0.013935184860229377,0.013935184860229377,Prob / Rank-prob,pairwise_rankprob|advantage_w_entropy_reg|logsumexp|weighted_sum|entropy_regularization,pairwise_rankprob_advantage_blend_weighted_logsum_exp_reg,extra_regularizer;advantage_heavy;rankprob_or_probabilistic;unstructured_weighted_sum;bounded_or_normalized
TSP100_family_disabled,TSP100,Family-disabled,7,f007_010_e0b6c5f1,-0.0040601360321042,0.0040601360321042,Rank / Pairwise margin,pairwise_margin|advantage_gap_delta_rank_entropy_reg|logsigmoid|weighted_avg_exp_norm|none,pairwise_logsigmoid_advantage_gap_weighted_avg_exp_norm_entropy_reg_delta_rank_poly,extra_regularizer;advantage_heavy;bounded_or_normalized;logsigmoid_backbone
TSP100_family_disabled,TSP100,Family-disabled,7,f007_007_76fc8a3a,-0.004664561080932383,0.004664561080932383,Advantage / Pairwise margin,pairwise_margin|advantage_gap_entropy_reg|logsigmoid|weighted_avg_zscore_norm|normalization_zscore,pairwise_logsigmoid_advantage_gap_weighted_avg_entropy_reg_zscore_norm,extra_regularizer;advantage_heavy;bounded_or_normalized;logsigmoid_backbone
TSP100_family_disabled,TSP100,Family-disabled,7,f007_004_a5130722,0.27049304466247603,-0.27049304466247603,Rank / Pairwise margin,pairwise_margin|advantage_gap_delta_rank_entropy_reg|logsigmoid|weighted_avg_exp_tanh_scale|none,pairwise_weighted_exp_tanh_logsigmoid_entropy_reg_delta_rank,extra_regularizer;advantage_heavy;bounded_or_normalized;logsigmoid_backbone
TSP100_family_disabled,TSP100,Family-disabled,8,f008_002_89337391,3.0130154323577885,-3.0130154323577885,Advantage / Contrastive,pairwise_contrastive|advantage_gap_entropy_reg|logsigmoid|weighted_mean_exp_norm|entropy_regularization,pairwise_contrastive_advantage_gap_weighted_logsigmoid_entropy_reg,extra_regularizer;advantage_heavy;rankprob_or_probabilistic;bounded_or_normalized;logsigmoid_backbone
TSP100_family_disabled,TSP100,Family-disabled,8,f008_011_f9946c1c,0.0033922100067140804,-0.0033922100067140804,Advantage / Pairwise margin,pairwise_margin|advantage_gap|softplus|normalized_l2_ratio|none,pairwise_softplus_advantage_gap_weighted_mean_normalized_weight_norm_gap,extra_regularizer;advantage_heavy;bounded_or_normalized;plain_pairwise_margin
TSP100_family_disabled,TSP100,Family-disabled,8,f008_000_7622dad2,0.12463295783996609,-0.12463295783996609,Advantage / Pairwise margin,pairwise_margin|advantage_gap_entropy_gap|tanh|weighted_mean|entropy_regularization,pairwise_tanh_advantage_gap_weighted_mean_entropy_reg,extra_regularizer;advantage_heavy;bounded_or_normalized
TSP100_family_disabled,TSP100,Family-disabled,8,f008_013_447f3479,0.002517224502563753,-0.002517224502563753,Prob / Bayesian,pairwise_bayesian|delta_regret_weighted|sigmoid_log_prob|weighted_geo_mean_norm|delta_regret_abs_norm_reg,pairwise_bayesian_preference_loss_with_delta_regret,rankprob_or_probabilistic;bounded_or_normalized
TSP100_family_disabled,TSP100,Family-disabled,8,f008_015_9f38be7c,0.020008086395263636,-0.020008086395263636,Cost / Ratio Margin,pairwise_ratio_margin|advantage_gap_cost_gap_squared_reg|logsigmoid|weighted_geo_mean_log_norm|normalization_scale_invariant,pairwise_ratio_margin_advantage_costgap_weighted_geometric_mean_reg,extra_regularizer;advantage_heavy;bounded_or_normalized;logsigmoid_backbone
TSP100_family_disabled,TSP100,Family-disabled,8,f008_006_2284bf0f,0.045140102005004845,-0.045140102005004845,Prob / Bayesian Inference,pairwise_bayesian_inference|advantage_w_variance|sigmoid|weighted_harmonic_mean|variance_regularization,pairwise_bayesian_infer_advantage_w_variance_reg,extra_regularizer;advantage_heavy;rankprob_or_probabilistic;bounded_or_normalized
TSP100_family_disabled,TSP100,Family-disabled,8,f008_007_2ac6b819,0.05027598342895523,-0.05027598342895523,Advantage / Pairwise margin,pairwise_margin|advantage_gap_entropy_reg|logsigmoid|weighted_avg_clip_norm|normalization_clipping,pairwise_logsigmoid_advantage_gap_weighted_avg_clip_norm,extra_regularizer;advantage_heavy;bounded_or_normalized;logsigmoid_backbone
TSP100_family_disabled,TSP100,Family-disabled,8,f008_012_6317a71c,-0.0038875144958492314,0.0038875144958492314,Advantage / Pairwise margin,pairwise_margin|advantage_gap|softplus|weighted_mean_zscore_norm|none,pairwise_softplus_advantage_gap_weighted_mean_zscore_norm,extra_regularizer;advantage_heavy;bounded_or_normalized;plain_pairwise_margin
TSP100_family_disabled,TSP100,Family-disabled,8,f008_014_f877dbe3,-0.004812698745727317,0.004812698745727317,Cost / Pairwise margin,pairwise_margin|advantage_gap_with_cost|logsigmoid|weighted_sum_sqrt_norm|none,pairwise_logsigmoid_advantage_gap_weighted_sum_normalized_weight_with_cost_reg,extra_regularizer;advantage_heavy;bounded_or_normalized;logsigmoid_backbone;plain_pairwise_margin
TSP100_family_disabled,TSP100,Family-disabled,9,f009_010_9c7d8a48,-0.010746623229980212,0.010746623229980212,Cost / Pairwise margin,pairwise_margin|advantage_gap_with_cost_and_l2|logsigmoid|weighted_sum_sqrt_norm|none,pairwise_logsigmoid_advantage_gap_weighted_sum_normalized_weight_with_cost_reg_l2,extra_regularizer;advantage_heavy;bounded_or_normalized;logsigmoid_backbone;plain_pairwise_margin
TSP100_family_disabled,TSP100,Family-disabled,9,f009_001_232938ed,0.11306324882507335,-0.11306324882507335,Advantage / Pairwise margin,pairwise_margin|advantage_gap|relu|weighted_sum_inverse_weight_norm|none,pairwise_relu_neg_advantage_gap_weighted_sum_inverse_weight,advantage_heavy;unstructured_weighted_sum;bounded_or_normalized;plain_pairwise_margin
TSP100_family_disabled,TSP100,Family-disabled,9,f009_004_2985b459,-0.007454957199096501,0.007454957199096501,Cost / Pairwise margin,pairwise_margin|advantage_gap_with_smooth_cost_entropy_interaction|logsigmoid|weighted_sum_sqrt_norm|clipping_with_entropy_interaction_and_softplus_cost_reg,pairwise_logsigmoid_advantage_gap_weighted_sum_norm_cost_reg_clipped_entropy_mutual_info_bonus,extra_regularizer;advantage_heavy;bounded_or_normalized;logsigmoid_backbone
TSP100_family_disabled,TSP100,Family-disabled,9,f009_008_f7b70409,-0.008725999450683197,0.008725999450683197,Advantage / Pairwise margin,pairwise_margin|advantage_gap|softplus|weighted_mean_zscore_norm|clipping_normalization,pairwise_softplus_advantage_gap_weighted_mean_zscore_norm_clipped,extra_regularizer;advantage_heavy;bounded_or_normalized;plain_pairwise_margin
TSP100_family_disabled,TSP100,Family-disabled,9,f009_009_788e9325,-0.0019718997955320283,0.0019718997955320283,Cost / Pairwise margin,pairwise_margin|advantage_gap_with_cost|tanh|weighted_sum_sqrt_norm|none,pairwise_tanh_clamped_advantage_gap_weighted_sum_sqrt_norm_scaled_cost_reg_beta_gamma_adjusted,extra_regularizer;advantage_heavy;bounded_or_normalized;logsigmoid_backbone;plain_pairwise_margin
TSP100_family_disabled,TSP100,Family-disabled,9,f009_006_6ea55ea6,-0.004721903610229283,0.004721903610229283,Cost / Pairwise margin,pairwise_margin|advantage_gap_with_cost|logsigmoid|weighted_sum_root_norm|none,pairwise_logsigmoid_advantage_gap_weighted_sum_root_weight_reg_softplus_eps_shift,extra_regularizer;advantage_heavy;bounded_or_normalized;logsigmoid_backbone;plain_pairwise_margin
TSP100_family_disabled,TSP100,Family-disabled,9,f009_012_c804efce,0.018817182540893818,-0.018817182540893818,Prob / Rank-prob,pairwise_rankprob|advantage_gap|log_softmax_margin|weighted_logsumexp_norm_mean|none,pairwise_rankprob_advantage_gap_weighted_log_softmax_normalized,advantage_heavy;rankprob_or_probabilistic;bounded_or_normalized
TSP100_family_disabled,TSP100,Family-disabled,9,f009_013_dd2e6558,-0.006850687789917043,0.006850687789917043,Cost / Pairwise margin,pairwise_margin|advantage_gap_with_cost|softplus|weighted_sum_sqrt_norm|none,pairwise_softplus_advantage_gap_weighted_sum_norm_sqrt_weight_cost_reg_exp,extra_regularizer;advantage_heavy;bounded_or_normalized;logsigmoid_backbone;plain_pairwise_margin
TSP100_family_disabled,TSP100,Family-disabled,9,f009_003_f7a0dc38,-0.0017535560607910838,0.0017535560607910838,Cost / Pairwise margin,pairwise_margin|advantage_gap_with_cost|logsigmoid|weighted_median_norm|none,pairwise_logsigmoid_advantage_gap_weighted_median_norm_cost_reg_relu,extra_regularizer;advantage_heavy;bounded_or_normalized;logsigmoid_backbone;plain_pairwise_margin
FFSP100_family_aware,FFSP100,Family-aware,0,f000_012_372ae734,1.2279996871948313,-1.2279996871948313,Advantage / Preference,preference|advantage|logsigmoid|pairwise|margin,pairwise_advantage_gap_loss,advantage_heavy;logsigmoid_backbone
FFSP100_family_aware,FFSP100,Family-aware,0,f000_010_8c1f3fbe,0.1135002136230483,-0.1135002136230483,Cost / Pairwise margin,pairwise_margin|advantage_gap|logsigmoid|mean|normalization_injected,loss_logsigmoid_001_cost_normalized,extra_regularizer;advantage_heavy;rankprob_or_probabilistic;bounded_or_normalized;logsigmoid_backbone;plain_pairwise_margin
FFSP100_family_aware,FFSP100,Family-aware,1,f001_008_bbfc4450,0.10849990844727131,-0.10849990844727131,Advantage / Pairwise margin,pairwise_margin|advantage_gap|logsigmoid|mean|normalization_injected,normalized_difference_tanh_logsigmoid,extra_regularizer;advantage_heavy;bounded_or_normalized;logsigmoid_backbone;plain_pairwise_margin
FFSP100_family_aware,FFSP100,Family-aware,1,f001_010_c1dbcc9d,1.3380001068115277,-1.3380001068115277,Advantage / Pairwise margin,pairwise_margin|advantage_gap|logsigmoid|mean|normalization_injected,normalized_tanh_advantage_gap_logsigmoid_loss,extra_regularizer;advantage_heavy;bounded_or_normalized;logsigmoid_backbone;plain_pairwise_margin
FFSP100_family_aware,FFSP100,Family-aware,1,f001_007_4382f1f4,0.070000076293951,-0.070000076293951,Cost / Pairwise margin,pairwise_margin|advantage_gap|logsigmoid|sum|normalization_injected,loss_logsigmoid_001_cost_normalized_sum,extra_regularizer;advantage_heavy;rankprob_or_probabilistic;unstructured_weighted_sum;bounded_or_normalized;logsigmoid_backbone;plain_pairwise_margin
FFSP100_family_aware,FFSP100,Family-aware,1,f001_015_4fb61eca,0.13200035095214702,-0.13200035095214702,Advantage / Pairwise margin,pairwise_margin|advantage_gap|logsigmoid|mean|tanh_symmetric_clipping_offset,loss_tanh_logsigmoid_advantage_gap_scaled_clip_offset,advantage_heavy;bounded_or_normalized;logsigmoid_backbone;plain_pairwise_margin
FFSP100_family_aware,FFSP100,Family-aware,2,f002_011_9e2973c8,0.02950077056885192,-0.02950077056885192,Advantage / Unknown,||||,stable_advantage_logsigmoid_scaled_loss,extra_regularizer;advantage_heavy;bounded_or_normalized;logsigmoid_backbone
FFSP100_family_aware,FFSP100,Family-aware,2,f002_009_275a70bd,0.04999999999999716,-0.04999999999999716,Cost / Pairwise margin,pairwise_margin|advantage_gap|logsigmoid|mean|normalization_injected,loss_logsigmoid_001_cost_normalized,extra_regularizer;advantage_heavy;rankprob_or_probabilistic;bounded_or_normalized;logsigmoid_backbone;plain_pairwise_margin
FFSP100_family_aware,FFSP100,Family-aware,2,f002_007_9a27bc44,0.03750076293945881,-0.03750076293945881,Advantage / Pairwise margin,pairwise_margin|advantage_gap|softplus|mean|normalization_injected,loss_softplus_margin_advantage_gap_weighted,extra_regularizer;advantage_heavy;logsigmoid_backbone;plain_pairwise_margin
FFSP100_family_aware,FFSP100,Family-aware,2,f002_001_a0cbeead,-0.06449928283691264,0.06449928283691264,Advantage / Pairwise margin,pairwise_margin|advantage_gap|softplus|mean|normalization_injected,normalized_advantage_gap_softplus_diff_loss,extra_regularizer;advantage_heavy;bounded_or_normalized;logsigmoid_backbone;plain_pairwise_margin
FFSP100_family_aware,FFSP100,Family-aware,3,f003_013_004466ee,-0.018999862670895595,0.018999862670895595,Advantage / Pairwise margin,pairwise_margin|advantage_gap|logsigmoid|mean|normalization_injected,advantage_gap_sigmoid_pairwise_loss_repaired,advantage_heavy;bounded_or_normalized;logsigmoid_backbone;plain_pairwise_margin
FFSP100_family_aware,FFSP100,Family-aware,3,f003_004_a86b21ab,0.14300041198730895,-0.14300041198730895,Advantage / Pairwise margin,pairwise_margin|advantage_gap|softplus|mean|normalization_injected,strategy_crossover_combined_repaired,extra_regularizer;advantage_heavy;rankprob_or_probabilistic;bounded_or_normalized;plain_pairwise_margin
FFSP100_family_aware,FFSP100,Family-aware,3,f003_011_2100f22a,-0.01949977874755149,0.01949977874755149,Advantage / Unknown,||||,stable_advantage_logsigmoid_scaled_loss,extra_regularizer;advantage_heavy;rankprob_or_probabilistic;bounded_or_normalized;logsigmoid_backbone
FFSP100_family_aware,FFSP100,Family-aware,3,f003_009_749d675b,1.0364999771118164,-1.0364999771118164,Advantage / Preference,preference|advantage|logsigmoid|sum|margin,pairwise_advantage_gap_sum_loss,advantage_heavy;unstructured_weighted_sum;logsigmoid_backbone
FFSP100_family_aware,FFSP100,Family-aware,3,f003_015_3e478270,0.09250030517578978,-0.09250030517578978,Advantage / Pairwise margin,pairwise_margin|advantage_gap|softplus|sum|normalization_injected,normalized_advantage_gap_softplus_sum_loss,extra_regularizer;advantage_heavy;unstructured_weighted_sum;bounded_or_normalized;plain_pairwise_margin
FFSP100_family_aware,FFSP100,Family-aware,3,f003_014_f4f82526,-0.06699943542480469,0.06699943542480469,Advantage / Pairwise margin,pairwise_margin|advantage_gap|logsigmoid|mean|normalization_injected,advantage_gap_logsigmoid_weighted_norm,extra_regularizer;advantage_heavy;rankprob_or_probabilistic;bounded_or_normalized;logsigmoid_backbone;plain_pairwise_margin
FFSP100_family_aware,FFSP100,Family-aware,3,f003_012_87ea507c,1.179999732971197,-1.179999732971197,Advantage / Preference,preference|advantage|logsigmoid|weighted_sum_normalized|margin,pairwise_advantage_gap_weighted_sum_loss,advantage_heavy;bounded_or_normalized;logsigmoid_backbone
FFSP100_family_aware,FFSP100,Family-aware,3,f003_006_11cec37f,-0.04399948120116903,0.04399948120116903,Advantage / Pairwise margin,pairwise_margin|advantage_gap|logsigmoid|mean|norm_normalized_scaled,loss_neg_logsigmoid_scaled_advantage_gap_norm,advantage_heavy;bounded_or_normalized;logsigmoid_backbone;plain_pairwise_margin
FFSP100_family_aware,FFSP100,Family-aware,4,f004_015_a445aa4c,0.1004997253417983,-0.1004997253417983,Advantage / Pairwise margin,pairwise_margin|advantage_gap|logsigmoid|sum|normalization_injected,advantage_gap_logsigmoid_weighted_sum,extra_regularizer;advantage_heavy;unstructured_weighted_sum;bounded_or_normalized;logsigmoid_backbone;plain_pairwise_margin
FFSP100_family_aware,FFSP100,Family-aware,4,f004_007_90b4a625,0.007499694824225855,-0.007499694824225855,Advantage / Pairwise margin,pairwise_margin|advantage_gap|logsigmoid|sum|normalization_injected,advantage_gap_logsigmoid_weighted_sum,advantage_heavy;unstructured_weighted_sum;bounded_or_normalized;logsigmoid_backbone;plain_pairwise_margin
FFSP100_family_aware,FFSP100,Family-aware,4,f004_002_56904754,-0.110499763488761,0.110499763488761,Advantage / Pairwise margin,pairwise_margin|advantage_gap|logsigmoid|mean|normalization_injected,advantage_gap_logsigmoid_weighted_norm_shifted,advantage_heavy;bounded_or_normalized;logsigmoid_backbone;plain_pairwise_margin
FFSP100_family_aware,FFSP100,Family-aware,4,f004_011_ac4ecb3a,0.10250072479248473,-0.10250072479248473,Advantage / Pairwise margin,pairwise_margin|advantage_gap|logsigmoid|mean|symmetric_clipping,advantage_gap_logsigmoid_weighted_symmetric_clipped,advantage_heavy;bounded_or_normalized;logsigmoid_backbone;plain_pairwise_margin
FFSP100_family_aware,FFSP100,Family-aware,4,f004_004_059496a9,-0.11900005340576314,0.11900005340576314,Advantage / Pairwise margin,pairwise_margin|advantage_gap|logsigmoid|mean|normalization_injected,advantage_gap_logsigmoid_weighted_norm_scaled_shifted,advantage_heavy;bounded_or_normalized;logsigmoid_backbone;plain_pairwise_margin
FFSP100_family_aware,FFSP100,Family-aware,4,f004_003_39fe8a34,0.025000381469730826,-0.025000381469730826,Advantage / Pairwise margin,pairwise_margin|advantage_gap|logsigmoid|mean|normalization_injected,advantage_gap_logsigmoid_weighted_norm_scaled,advantage_heavy;bounded_or_normalized;logsigmoid_backbone;plain_pairwise_margin
FFSP100_family_aware,FFSP100,Family-aware,4,f004_005_d9c96701,4.25849990844727,-4.25849990844727,Advantage / Pairwise margin,pairwise_margin|advantage_gap|logsigmoid|mean|normalization_injected,pairwise_advantage_gap_scaled_normalized_loss,advantage_heavy;rankprob_or_probabilistic;bounded_or_normalized;logsigmoid_backbone;plain_pairwise_margin
FFSP100_family_aware,FFSP100,Family-aware,4,f004_000_6e07fb05,0.07250003814697692,-0.07250003814697692,Advantage / Pairwise margin,pairwise_margin|advantage_gap|logsigmoid|sum|normalization_injected,advantage_gap_logsigmoid_weighted_sum,advantage_heavy;unstructured_weighted_sum;bounded_or_normalized;logsigmoid_backbone;plain_pairwise_margin
FFSP100_family_aware,FFSP100,Family-aware,4,f004_013_436eecd6,-0.01299991607665163,0.01299991607665163,Advantage / Pairwise margin,pairwise_margin|advantage_gap|logsigmoid|mean|symmetric_clipping_with_shift,advantage_gap_logsigmoid_weighted_norm_scaled_shifted_clamp,advantage_heavy;rankprob_or_probabilistic;bounded_or_normalized;logsigmoid_backbone;plain_pairwise_margin
FFSP100_family_aware,FFSP100,Family-aware,5,f005_001_0ba0d0e5,-0.1575002670288086,0.1575002670288086,Advantage / Pairwise margin,pairwise_margin|advantage_gap|logsigmoid|sum|normalization_injected,advantage_gap_logsigmoid_weighted_norm_scaled_sum,advantage_heavy;unstructured_weighted_sum;bounded_or_normalized;logsigmoid_backbone;plain_pairwise_margin
FFSP100_family_aware,FFSP100,Family-aware,5,f005_010_830ca02d,-0.06900005340575888,0.06900005340575888,Advantage / Pairwise margin,pairwise_margin|advantage_gap|logsigmoid|mean|normalization_injected,advantage_gap_logsigmoid_weighted_norm_scaled_shifted_randphase,extra_regularizer;advantage_heavy;bounded_or_normalized;logsigmoid_backbone;plain_pairwise_margin
FFSP100_family_aware,FFSP100,Family-aware,5,f005_003_284fa7c3,-0.1449998855590806,0.1449998855590806,Advantage / Pairwise margin,pairwise_margin|advantage_gap|logsigmoid|sum|normalization_injected,advantage_gap_logsigmoid_weighted_norm_scaled_shifted_sum,advantage_heavy;unstructured_weighted_sum;bounded_or_normalized;logsigmoid_backbone;plain_pairwise_margin
FFSP100_family_aware,FFSP100,Family-aware,5,f005_011_1a092113,0.14949989318848367,-0.14949989318848367,Advantage / Pairwise margin,pairwise_margin|advantage_gap|logsigmoid|mean|shift_softplus_transform,advantage_gap_logsigmoid_weighted_norm_scaled_shifted_softplus,advantage_heavy;bounded_or_normalized;logsigmoid_backbone;plain_pairwise_margin
FFSP100_family_aware,FFSP100,Family-aware,5,f005_008_daea4825,1.1810001373291001,-1.1810001373291001,Advantage / Pairwise margin,pairwise_margin|advantage_gap|logsigmoid|mean|normalization_injected,advantage_gap_logsigmoid_weighted_norm_scaled_shifted_unique,advantage_heavy;bounded_or_normalized;logsigmoid_backbone;plain_pairwise_margin
FFSP100_family_aware,FFSP100,Family-aware,5,f005_004_884feaae,-0.03699970245361328,0.03699970245361328,Advantage / Pairwise margin,pairwise_margin|advantage_gap|logsigmoid|mean|scale_invariance_with_shift,advantage_gap_logsigmoid_weighted_norm_debiased_shifted,extra_regularizer;advantage_heavy;bounded_or_normalized;logsigmoid_backbone;plain_pairwise_margin
FFSP100_family_aware,FFSP100,Family-aware,5,f005_000_9ef2c7c0,-0.037499999999994316,0.037499999999994316,Advantage / Pairwise margin,pairwise_margin|advantage_gap|logsigmoid|mean|normalization_injected,advantage_gap_logsigmoid_weighted_norm_scaled_shifted_alt,advantage_heavy;bounded_or_normalized;logsigmoid_backbone;plain_pairwise_margin
FFSP100_family_aware,FFSP100,Family-aware,5,f005_005_f13f8a85,2.398000717163093,-2.398000717163093,Advantage / Pairwise margin,pairwise_margin|advantage_gap|logsigmoid|mean|normalization_injected,advantage_gap_logsigmoid_weighted_norm_scaled_shifted_tanh,advantage_heavy;bounded_or_normalized;logsigmoid_backbone;plain_pairwise_margin
FFSP100_family_aware,FFSP100,Family-aware,6,f006_010_1d1d8cea,-0.03450031280517152,0.03450031280517152,Advantage / Pairwise margin,pairwise_margin|advantage_gap|logsigmoid|weighted_sum_normalized|normalization_injected_dynamic_margin,weighted_advantage_margin_logsigmoid_scaled_sum_loss,advantage_heavy;bounded_or_normalized;logsigmoid_backbone;plain_pairwise_margin
FFSP100_family_aware,FFSP100,Family-aware,6,f006_015_bf9f23d2,-0.0155002593994098,0.0155002593994098,Advantage / Pairwise margin,pairwise_margin|advantage_gap|logsigmoid|logsumexp|normalization_injected,advantage_gap_logsigmoid_weighted_norm_scaled_logsumexp,extra_regularizer;advantage_heavy;rankprob_or_probabilistic;bounded_or_normalized;logsigmoid_backbone;plain_pairwise_margin
FFSP100_family_aware,FFSP100,Family-aware,6,f006_009_768bc0c4,0.016000556945805045,-0.016000556945805045,Advantage / Unknown,||||,advantage_logsigmoid_weighted_scaled_shifted_loss,advantage_heavy;bounded_or_normalized;logsigmoid_backbone
FFSP100_family_aware,FFSP100,Family-aware,6,f006_007_54d8917c,0.01850090026855611,-0.01850090026855611,Advantage / Pairwise margin,pairwise_margin|advantage_gap|logsigmoid|mean|nonlinear_offset_shift_tanh_clipping_norm,advantage_gap_logsigmoid_weighted_norm_scaled_offset_shifted_tanh_clipped,extra_regularizer;advantage_heavy;bounded_or_normalized;logsigmoid_backbone;plain_pairwise_margin
FFSP100_family_aware,FFSP100,Family-aware,6,f006_001_a8d9f989,0.0880001068115206,-0.0880001068115206,Advantage / Combined,pairwise_combined|advantage_gap|logsigmoid|mean|normalization_clamping,combined_cross_parent_loss,advantage_heavy;rankprob_or_probabilistic;bounded_or_normalized;logsigmoid_backbone
FFSP100_family_aware,FFSP100,Family-aware,6,f006_013_91ba2cfd,0.9410001754760771,-0.9410001754760771,Advantage / Pairwise margin,pairwise_margin|advantage_gap|logsigmoid|mean|nonlinear_shifted_clipping,advantage_gap_logsigmoid_weighted_norm_scaled_shifted_logtanh_clip_v3,advantage_heavy;rankprob_or_probabilistic;bounded_or_normalized;logsigmoid_backbone;plain_pairwise_margin
FFSP100_family_aware,FFSP100,Family-aware,7,f007_014_1bd0d612,-0.05249977111815696,0.05249977111815696,Advantage / Pairwise margin,pairwise_margin|advantage_gap|logsigmoid|weighted_sum_normalized|mean_norm_dynamic_margin,advantage_gap_logsigmoid_weighted_scaled_mean_norm_dynamic_margin,extra_regularizer;advantage_heavy;rankprob_or_probabilistic;bounded_or_normalized;logsigmoid_backbone;plain_pairwise_margin
FFSP100_family_aware,FFSP100,Family-aware,7,f007_005_2acafb0e,0.11400070190430256,-0.11400070190430256,Advantage / Pairwise margin,pairwise_margin|advantage_gap|logsigmoid|weighted_mean|normalization_injected_dynamic_margin,weighted_advantage_margin_logsigmoid_scaled_mean_loss,extra_regularizer;advantage_heavy;bounded_or_normalized;logsigmoid_backbone;plain_pairwise_margin
FFSP100_family_aware,FFSP100,Family-aware,7,f007_008_fbcb1a26,0.0,-0.0,Advantage / Pairwise margin,pairwise_margin|advantage_gap|logsigmoid|weighted_sum_normalized|smooth_asymmetric_dynamic_margin,weighted_advantage_margin_logsigmoid_scaled_sum_loss_v2,advantage_heavy;bounded_or_normalized;logsigmoid_backbone;plain_pairwise_margin
FFSP100_family_aware,FFSP100,Family-aware,7,f007_003_94492132,-0.022999572753903408,0.022999572753903408,Advantage / Pairwise margin,pairwise_margin|advantage_gap|logsigmoid|weighted_sum_normalized|symmetric_clipping_debiased_shift_offset,weighted_advantage_margin_logsigmoid_scaled_sum_loss_symmetric_clipping_debiased_shift_offset,advantage_heavy;bounded_or_normalized;logsigmoid_backbone;plain_pairwise_margin
FFSP100_family_aware,FFSP100,Family-aware,7,f007_007_0a851157,0.12200050354004333,-0.12200050354004333,Advantage / Pairwise margin,pairwise_margin|advantage_gap|logsigmoid|weighted_sum_normalized|normalization_injected_dynamic_margin,advantage_gap_logsigmoid_weighted_norm_scaled_adaptive_margin,advantage_heavy;bounded_or_normalized;logsigmoid_backbone;plain_pairwise_margin
FFSP100_family_aware,FFSP100,Family-aware,7,f007_009_c1b4d44c,-0.05300064086913636,0.05300064086913636,Advantage / Pairwise margin,pairwise_margin|advantage_gap|logsigmoid|weighted_sum_normalized|normalization_adaptive_symmetric_margin,weighted_advantage_margin_logsigmoid_scaled_sum_loss_v2,advantage_heavy;bounded_or_normalized;logsigmoid_backbone;plain_pairwise_margin
FFSP100_family_aware,FFSP100,Family-aware,8,f008_015_652a8d82,0.23400039672851847,-0.23400039672851847,Advantage / Pairwise margin,pairwise_margin|advantage_gap|logsigmoid|weighted_sum_normalized|normalization_zscore_symmetric_clipping,weighted_advantage_margin_logsigmoid_normalized_symmetric_clipping_loss,extra_regularizer;advantage_heavy;bounded_or_normalized;logsigmoid_backbone;plain_pairwise_margin
FFSP100_family_aware,FFSP100,Family-aware,8,f008_008_66c5e60a,-0.007499885559077768,0.007499885559077768,Advantage / Pairwise margin,pairwise_margin|advantage_gap|logsigmoid|weighted_sum_normalized|normalization_adaptive_softplus_margin,weighted_advantage_margin_logsigmoid_scaled_sum_loss_v3,advantage_heavy;bounded_or_normalized;logsigmoid_backbone;plain_pairwise_margin
FFSP100_family_aware,FFSP100,Family-aware,8,f008_013_9cfa032c,-0.1929994583129826,0.1929994583129826,Advantage / Pairwise margin,pairwise_margin|advantage_gap|logsigmoid|weighted_mean|normalization_exponential_margin,weighted_advantage_exp_margin_logsigmoid_scaled_weighted_mean_loss_v4,advantage_heavy;bounded_or_normalized;logsigmoid_backbone;plain_pairwise_margin
FFSP100_family_aware,FFSP100,Family-aware,8,f008_009_7cba7592,0.007500076293943891,-0.007500076293943891,Advantage / Pairwise margin,pairwise_margin|advantage_gap|logsigmoid|weighted_sum_normalized|normalization_adaptive_symmetric_margin_modified,advantage_signed_margin_loss_repaired,advantage_heavy;bounded_or_normalized;logsigmoid_backbone;plain_pairwise_margin
FFSP100_family_aware,FFSP100,Family-aware,8,f008_012_c38cd46f,0.05799961090088601,-0.05799961090088601,Advantage / Pairwise margin,pairwise_margin|advantage_gap|logsigmoid|weighted_mean|normalization_adaptive_symmetric_margin,weighted_advantage_margin_logsigmoid_scaled_weighted_mean_log_loss_v4,advantage_heavy;bounded_or_normalized;logsigmoid_backbone;plain_pairwise_margin
FFSP100_family_aware,FFSP100,Family-aware,8,f008_014_222de4c5,-0.05399894714354758,0.05399894714354758,Advantage / Pairwise margin,pairwise_margin|advantage_gap|logsigmoid|weighted_sum_normalized|normalization_simple_scaled_margin,advantage_weighted_logsigmoid_diff_scaled_norm_clip_v3,advantage_heavy;bounded_or_normalized;logsigmoid_backbone;plain_pairwise_margin
FFSP100_family_aware,FFSP100,Family-aware,8,f008_001_4898fcb4,1.114999580383305,-1.114999580383305,Advantage / Softplus,pairwise_softplus|advantage_gap|softplus|weighted_sum_normalized|none,pairwise_advantage_gap_softplus_scaled_weighted_log_ratio_loss,advantage_heavy;rankprob_or_probabilistic;bounded_or_normalized;logsigmoid_backbone
FFSP100_family_aware,FFSP100,Family-aware,9,f009_003_e29f436f,0.01850070953369709,-0.01850070953369709,Advantage / Contrastive,pairwise_contrastive|advantage_gap|tanh|weighted_mean|normalization_clamped_advantage_scaling,weighted_advantage_gap_contrastive_tanh_scaled_loss,advantage_heavy;bounded_or_normalized
FFSP100_family_aware,FFSP100,Family-aware,9,f009_006_814a285d,0.11000041961670348,-0.11000041961670348,Advantage / Pairwise margin,pairwise_margin|advantage_gap|logsigmoid|weighted_sum_normalized|normalization_simple,advantage_gap_logsigmoid_weighted_sum_normalized_loss_v2,advantage_heavy;rankprob_or_probabilistic;bounded_or_normalized;logsigmoid_backbone;plain_pairwise_margin
FFSP100_family_aware,FFSP100,Family-aware,9,f009_013_042b95c4,0.10500030517578551,-0.10500030517578551,Advantage / Pairwise margin,pairwise_margin|advantage_gap|logsigmoid|weighted_mean|normalization_tanh_scaled_margin,weighted_advantage_exp_margin_logsigmoid_tanh_scaled_weighted_mean,advantage_heavy;bounded_or_normalized;logsigmoid_backbone;plain_pairwise_margin
FFSP100_family_aware,FFSP100,Family-aware,9,f009_008_9b4ccca9,0.04800090789795064,-0.04800090789795064,Advantage / Hinge,pairwise_hinge|advantage_gap|identity|weighted_mean|normalization_margin_clamped_offset,hinge_advantage_weighted_pairwise_loss_v1,advantage_heavy;rankprob_or_probabilistic;bounded_or_normalized
FFSP100_family_aware,FFSP100,Family-aware,9,f009_009_c4197e86,-0.04249973297118714,0.04249973297118714,Advantage / Pairwise margin,pairwise_margin|advantage_gap|logsigmoid|weighted_sum_normalized|symmetric_smooth_normalization,advantage_weighted_logsigmoid_pairwise_norm_relgap_v2,advantage_heavy;bounded_or_normalized;logsigmoid_backbone;plain_pairwise_margin
FFSP100_family_aware,FFSP100,Family-aware,9,f009_002_08a7e675,0.0004999160766629984,-0.0004999160766629984,Regret / Pairwise margin,pairwise_margin|advantage_gap|logsigmoid|weighted_mean|normalization_sigmoid_scaled_delta_regret_norm_margin,advantage_logsigmoid_scaled_delta_regret_norm_margin_pairwise_v1,advantage_heavy;bounded_or_normalized;logsigmoid_backbone;plain_pairwise_margin
FFSP100_family_disabled,FFSP100,Family-disabled,2,f002_012_4514d84b,1.9689994812011804,-1.9689994812011804,Rank / Pairwise margin,pairwise_margin_advantage_blend|advantage_gap|tanh_relu|mean|weighted,loss_margin_rank_blend_tanh_weighted_advantage_gap,advantage_heavy;advantage_blend_tanh_relu;bounded_or_normalized;plain_pairwise_margin
FFSP100_family_disabled,FFSP100,Family-disabled,2,f002_011_77b3125a,1.9459999084472628,-1.9459999084472628,Rank / Pairwise margin,pairwise_margin_advantage_blend|advantage_combined_mean_abs|tanh_relu|mean|weighted,loss_margin_rank_blend_tanh_avg_abs_advantage,advantage_heavy;advantage_blend_tanh_relu;bounded_or_normalized;plain_pairwise_margin
FFSP100_family_disabled,FFSP100,Family-disabled,2,f002_009_6b15c94c,2.9050003051757898,-2.9050003051757898,Rank / Pairwise margin,pairwise_margin_advantage_blend|advantage_combined_min_abs|tanh_relu|mean|weighted,loss_margin_rank_blend_tanh_min_abs_advantage_weighted,advantage_heavy;advantage_blend_tanh_relu;bounded_or_normalized;plain_pairwise_margin
FFSP100_family_disabled,FFSP100,Family-disabled,2,f001_002_78090851,1.7579986572265653,-1.7579986572265653,Rank / Pairwise margin,pairwise_margin_advantage_blend|advantage_combined_max|tanh_relu|mean|weighted,loss_margin_rank_blend_tanh_max_advantage,advantage_heavy;advantage_blend_tanh_relu;bounded_or_normalized;plain_pairwise_margin
FFSP100_family_disabled,FFSP100,Family-disabled,2,f002_007_ca6ace6f,2.13800048828125,-2.13800048828125,Rank / Pairwise margin,pairwise_margin_advantage_blend|advantage_combined_min_abs|tanh_relu|mean|weighted,loss_margin_rank_blend_tanh_min_abs_advantage,advantage_heavy;advantage_blend_tanh_relu;bounded_or_normalized;plain_pairwise_margin
FFSP100_family_disabled,FFSP100,Family-disabled,2,f001_004_05dd00c0,2.4610000610351648,-2.4610000610351648,Rank / Pairwise margin,pairwise_margin_rank_blend|advantage_gap|sigmoid_linear|mean|weighted,pairwise_margin_sigmoid_weighted_advantage_loss,advantage_heavy;rankprob_or_probabilistic;plain_pairwise_margin
FFSP100_family_disabled,FFSP100,Family-disabled,2,f000_000_32ed43cf,3.379999923706052,-3.379999923706052,Rank / Pairwise margin,pairwise_margin_rank_blend|advantage_gap|tanh_relu|mean|relu_weighted,loss_margin_rank_blend_tanh_advantage,advantage_heavy;rankprob_or_probabilistic;advantage_blend_tanh_relu;plain_pairwise_margin
FFSP100_family_disabled,FFSP100,Family-disabled,2,f002_006_574d329e,4.048000335693359,-4.048000335693359,Rank / Pairwise margin,pairwise_margin_advantage_blend|advantage_combined_max|tanh_relu|mean|weight_normalization,loss_margin_rank_blend_tanh_max_advantage_normalized,extra_regularizer;advantage_heavy;advantage_blend_tanh_relu;bounded_or_normalized;plain_pairwise_margin
FFSP100_family_disabled,FFSP100,Family-disabled,3,f003_015_548f2383,3.6500000000000057,-3.6500000000000057,Rank / Pairwise margin,pairwise_margin_advantage_blend|advantage_gap_weighted|tanh_exp|weighted_mean|weighted,loss_margin_rank_blend_tanh_exp_weighted_mean_advantage_gap_unique,advantage_heavy;advantage_blend_tanh_relu;bounded_or_normalized;plain_pairwise_margin
FFSP100_family_disabled,FFSP100,Family-disabled,3,f003_004_3eac22f0,2.563999938964841,-2.563999938964841,Rank / Pairwise margin,pairwise_margin_advantage_gap|advantage_gap|sigmoid|mean|weighted,loss_margin_rank_blend_sigmoid_weighted_advantage_gap_distinct,advantage_heavy;plain_pairwise_margin
FFSP100_family_disabled,FFSP100,Family-disabled,3,f003_007_6ccddd53,4.1800006866455135,-4.1800006866455135,Rank / Pairwise margin,pairwise_margin_advantage_blend|advantage_combined_max_normalized|tanh_relu|mean|clamp_bounded,loss_margin_rank_blend_tanh_max_advantage_clamped_normalized,advantage_heavy;advantage_blend_tanh_relu;bounded_or_normalized;plain_pairwise_margin
FFSP100_family_disabled,FFSP100,Family-disabled,3,f003_009_1838f5e0,2.4860000610351562,-2.4860000610351562,Rank / Pairwise margin,pairwise_margin_advantage_blend|advantage_combined_max|tanh_relu|sum|weighted,loss_margin_rank_blend_tanh_max_advantage_sum,advantage_heavy;advantage_blend_tanh_relu;unstructured_weighted_sum;bounded_or_normalized;plain_pairwise_margin
FFSP100_family_disabled,FFSP100,Family-disabled,3,f003_012_eaa3493e,2.433999633789071,-2.433999633789071,Rank / Pairwise margin,pairwise_margin_advantage_blend|advantage_combined_max|tanh_relu|weighted_mean|weighted,loss_margin_rank_blend_tanh_max_advantage_weighted_mean,advantage_heavy;advantage_blend_tanh_relu;bounded_or_normalized;plain_pairwise_margin
FFSP100_family_disabled,FFSP100,Family-disabled,3,f003_003_996e92d5,2.4119998931884794,-2.4119998931884794,Rank / Pairwise margin,pairwise_margin_advantage_blend|advantage_gap|tanh_relu|sum|weight_normalization,loss_margin_rank_blend_tanh_weighted_advantage_gap_normalized,extra_regularizer;advantage_heavy;advantage_blend_tanh_relu;bounded_or_normalized;plain_pairwise_margin
FFSP100_family_disabled,FFSP100,Family-disabled,4,f004_011_86434ed4,2.6619998931884794,-2.6619998931884794,Rank / Pairwise margin,pairwise_margin_advantage_blend|advantage_combined_max|tanh_relu|mean|weight_normalization,loss_margin_rank_blend_tanh_max_advantage_weight_norm,advantage_heavy;advantage_blend_tanh_relu;bounded_or_normalized;plain_pairwise_margin
FFSP100_family_disabled,FFSP100,Family-disabled,4,f004_002_db75c515,1.5519989013671847,-1.5519989013671847,Cost / Pairwise margin,pairwise_margin_advantage_cost_blend|advantage_cost_gap_weighted|tanh_relu|mean|weighted,pairwise_tanh_margin_weighted_combined_advantage_gap_cost_gap,advantage_heavy;advantage_blend_tanh_relu;bounded_or_normalized;plain_pairwise_margin
FFSP100_family_disabled,FFSP100,Family-disabled,4,f004_013_e405ec2b,3.951000213623047,-3.951000213623047,Rank / Pairwise margin,pairwise_margin_advantage_blend|advantage_combined_min_abs|tanh_relu|mean|weight_normalization,loss_margin_rank_blend_tanh_min_abs_advantage_weight_norm,advantage_heavy;advantage_blend_tanh_relu;bounded_or_normalized;plain_pairwise_margin
FFSP100_family_disabled,FFSP100,Family-disabled,4,f004_006_b9dc8aa5,1.0399997711181612,-1.0399997711181612,Rank / Pairwise margin,pairwise_margin_rank_blend|advantage_gap|sigmoid_linear|sum|weighted,loss_pairwise_margin_sigmoid_weighted_advantage_sum,advantage_heavy;unstructured_weighted_sum;plain_pairwise_margin
FFSP100_family_disabled,FFSP100,Family-disabled,4,f004_015_827c3785,1.8859992980957117,-1.8859992980957117,Rank / Pairwise margin,pairwise_margin_advantage_blend|advantage_combined_mean|tanh_exp|sum|weighted,loss_margin_rank_blend_tanh_exp_weighted_sum,advantage_heavy;advantage_blend_tanh_relu;unstructured_weighted_sum;bounded_or_normalized;plain_pairwise_margin
FFSP100_family_disabled,FFSP100,Family-disabled,4,f004_005_b6d089ca,1.63600044250488,-1.63600044250488,Rank / Pairwise margin,pairwise_margin_advantage_gap_weighted|advantage_gap|sigmoid_relu|mean|weighted,loss_margin_rank_blend_sigmoid_advantage_gap_weighted,advantage_heavy;bounded_or_normalized;plain_pairwise_margin
FFSP100_family_disabled,FFSP100,Family-disabled,4,f004_007_42865c02,3.520000076293954,-3.520000076293954,Rank / Pairwise margin,pairwise_margin_advantage_blend|advantage_combined_sum_abs|tanh_relu|sum|weighted,loss_margin_rank_blend_tanh_sum_abs_advantage,advantage_heavy;advantage_blend_tanh_relu;unstructured_weighted_sum;bounded_or_normalized;plain_pairwise_margin
FFSP100_family_disabled,FFSP100,Family-disabled,4,f004_000_e8d6aa86,1.6760009765625057,-1.6760009765625057,Rank / Pairwise margin,pairwise_margin_advantage_blend|advantage_combined_max|tanh_relu|sum_normalized|weighted,loss_margin_rank_blend_tanh_max_advantage_sum_agg,advantage_heavy;advantage_blend_tanh_relu;bounded_or_normalized;plain_pairwise_margin
FFSP100_family_disabled,FFSP100,Family-disabled,5,f005_012_4c784fdf,2.4680004119873047,-2.4680004119873047,Rank / Pairwise margin,pairwise_margin_advantage_blend|advantage_diff_weighted|tanh_relu|mean|novelty_inspired_diff_weighting,loss_margin_rank_blend_tanh_advantage_diff_scaled_weighted,advantage_heavy;advantage_blend_tanh_relu;bounded_or_normalized;plain_pairwise_margin
FFSP100_family_disabled,FFSP100,Family-disabled,5,f005_009_7c686c0c,1.6889995574951229,-1.6889995574951229,Rank / Pairwise margin,pairwise_margin_rank_blend|advantage_gap|sigmoid_linear|sum|weighted,loss_margin_sigmoid_weighted_advantage_sum,advantage_heavy;unstructured_weighted_sum;plain_pairwise_margin
FFSP100_family_disabled,FFSP100,Family-disabled,5,f005_015_95431614,1.438999938964841,-1.438999938964841,Rank / Pairwise margin,pairwise_margin_advantage_gap|advantage_gap|sigmoid|mean|weighted,loss_margin_rank_blend_sigmoid_weighted_advantage_gap,advantage_heavy;bounded_or_normalized;plain_pairwise_margin
FFSP100_family_disabled,FFSP100,Family-disabled,5,f005_014_a0e5f88c,1.6400001525878878,-1.6400001525878878,Rank / Pairwise margin,pairwise_margin_advantage_gap_weighted|advantage_gap_weighted|tanh_relu|mean_normalized|clipping_normalization,loss_margin_rank_blend_tanh_weighted_advantage_gap_mean_normalized,extra_regularizer;advantage_heavy;advantage_blend_tanh_relu;bounded_or_normalized;plain_pairwise_margin
FFSP100_family_disabled,FFSP100,Family-disabled,6,f006_005_d805ac13,3.1000000000000085,-3.1000000000000085,Rank / Pairwise margin,pairwise_margin_advantage_blend|advantage_combined_max|tanh_relu|mean|weight_normalization,loss_margin_rank_blend_tanh_max_advantage_weight_norm,extra_regularizer;advantage_heavy;advantage_blend_tanh_relu;bounded_or_normalized;plain_pairwise_margin
FFSP100_family_disabled,FFSP100,Family-disabled,6,f006_013_4e070967,3.13800048828125,-3.13800048828125,Rank / Pairwise margin,pairwise_margin_advantage_blend|advantage_combined_sum_abs|tanh_relu|sum|weighted,loss_margin_rank_blend_tanh_sum_advantage,advantage_heavy;advantage_blend_tanh_relu;unstructured_weighted_sum;bounded_or_normalized;plain_pairwise_margin
FFSP100_family_disabled,FFSP100,Family-disabled,6,f006_000_e4b97e8f,4.411000442504886,-4.411000442504886,Rank / Pairwise margin,pairwise_margin_advantage_blend|advantage_combined_min_abs|tanh_relu|mean|weight_normalization,loss_margin_rank_blend_tanh_min_abs_advantage_weight_normalization,extra_regularizer;advantage_heavy;advantage_blend_tanh_relu;bounded_or_normalized;plain_pairwise_margin
FFSP100_family_disabled,FFSP100,Family-disabled,6,f006_004_f21560fa,3.1590000152587976,-3.1590000152587976,Rank / Pairwise margin,pairwise_margin_rank_blend|advantage_gap|tanh_linear|mean|weighted,pairwise_margin_tanh_weighted_advantage_loss_distinct,advantage_heavy;plain_pairwise_margin
FFSP100_family_disabled,FFSP100,Family-disabled,6,f006_008_64389220,2.329000091552743,-2.329000091552743,Rank / Pairwise margin,pairwise_margin_advantage_blend|advantage_combined_max|tanh_relu|median|weighted,loss_margin_rank_blend_tanh_max_advantage_weighted_median_agg,advantage_heavy;advantage_blend_tanh_relu;bounded_or_normalized;plain_pairwise_margin
FFSP100_family_disabled,FFSP100,Family-disabled,7,f007_001_b3585a58,14.346999359130862,-14.346999359130862,Rank / Pairwise margin,pairwise_margin_advantage_blend|advantage_combined_max|tanh_relu|logsumexp_normalized|weighted,loss_margin_rank_blend_tanh_max_advantage_logsumexp,advantage_heavy;rankprob_or_probabilistic;advantage_blend_tanh_relu;bounded_or_normalized;plain_pairwise_margin
FFSP100_family_disabled,FFSP100,Family-disabled,7,f007_000_efc6c4d7,2.9429996490478487,-2.9429996490478487,Rank / Pairwise margin,pairwise_margin_advantage_blend|advantage_combined_sum_abs|tanh_relu|sum|weighted,loss_margin_rank_blend_sum_abs_advantage,advantage_heavy;advantage_blend_tanh_relu;unstructured_weighted_sum;bounded_or_normalized;plain_pairwise_margin
FFSP100_family_disabled,FFSP100,Family-disabled,7,f007_008_72376bac,1.7310001373291044,-1.7310001373291044,Rank / Pairwise margin,pairwise_margin_advantage_blend|advantage_combined_max|tanh_relu|logsumexp|weighted,loss_margin_rank_blend_tanh_max_advantage_logsumexp,advantage_heavy;rankprob_or_probabilistic;advantage_blend_tanh_relu;bounded_or_normalized;plain_pairwise_margin
FFSP100_family_disabled,FFSP100,Family-disabled,7,f007_003_3e8a9e64,2.347000885009763,-2.347000885009763,Rank / Pairwise margin,pairwise_margin_advantage_blend|advantage_gap|tanh_relu_signweight|mean|weighted,loss_margin_rank_sign_tanh_weighted_abs_advantage_gap,advantage_heavy;advantage_blend_tanh_relu;bounded_or_normalized;plain_pairwise_margin
FFSP100_family_disabled,FFSP100,Family-disabled,8,f008_013_da1ae703,2.464000320434579,-2.464000320434579,Rank / Pairwise margin,pairwise_margin_advantage_blend|advantage_combined_sum_abs|tanh_relu|sum|weighted,loss_margin_rank_blend_tanh_sum_advantage,advantage_heavy;advantage_blend_tanh_relu;unstructured_weighted_sum;bounded_or_normalized;plain_pairwise_margin
FFSP100_family_disabled,FFSP100,Family-disabled,8,f008_009_cabfa746,1.8670001983642663,-1.8670001983642663,Rank / Pairwise margin,pairwise_margin_advantage_blend|advantage_gap_squared|sigmoid|mean|weighted,loss_margin_rank_blend_sigmoid_weighted_advantage_gap_squared,advantage_heavy;advantage_blend_tanh_relu;bounded_or_normalized;plain_pairwise_margin
FFSP100_family_disabled,FFSP100,Family-disabled,8,f008_000_8dd0aa75,2.072000122070321,-2.072000122070321,Rank / Pairwise margin,pairwise_margin_rank_blend|advantage_gap|tanh_relu|sum|weighted,loss_margin_rank_blend_tanh_advantage_gap_weighted_sum,advantage_heavy;advantage_blend_tanh_relu;unstructured_weighted_sum;bounded_or_normalized;plain_pairwise_margin
FFSP100_family_disabled,FFSP100,Family-disabled,8,f008_007_081edebe,8.614999389648446,-8.614999389648446,Rank / Ranking Squared Margin,pairwise_ranking_squared_margin|cost_gap|sigmoid_softclamp|weighted_mean_normalized|weighted,loss_pairwise_cost_gap_square_margin_sigmoid_softclamp,advantage_heavy;bounded_or_normalized
FFSP100_family_disabled,FFSP100,Family-disabled,9,f009_007_cc41e639,4.2350006103515625,-4.2350006103515625,Rank / Pairwise margin,pairwise_margin_advantage_blend|advantage_gap|tanh_relu|mean|weight_normalization,loss_margin_rank_blend_tanh_weighted_advantage_gap_with_weight_norm,advantage_heavy;advantage_blend_tanh_relu;bounded_or_normalized;plain_pairwise_margin
FFSP100_family_disabled,FFSP100,Family-disabled,9,f009_010_856f35fb,2.7750000000000057,-2.7750000000000057,Rank / Pairwise margin,pairwise_margin_advantage_blend|advantage_combined_max|tanh_relu|mean|weighted,loss_margin_rank_blend_tanh_max_advantage,advantage_heavy;advantage_blend_tanh_relu;bounded_or_normalized;plain_pairwise_margin
FFSP100_family_disabled,FFSP100,Family-disabled,9,f009_011_6dd7ff9f,1.0620002746582031,-1.0620002746582031,Rank / Cost Gap Rank Sigmoid,pairwise_cost_gap_rank_sigmoid|cost_gap|sigmoid|weighted_mean|positive_sigmoid,loss_cost_gap_sigmoid_rank_diff_weighted,advantage_heavy;bounded_or_normalized
FFSP100_family_disabled,FFSP100,Family-disabled,9,f009_001_14c4b382,66.35399818420412,-66.35399818420412,Cost / Exponential Cost Gap Inverse Margin,pairwise_exponential_cost_gap_inverse_margin|cost_gap|exp_inverse_margin|mean|weighted,loss_exp_weighted_cost_gap_inverse_margin,advantage_heavy
FFSP100_family_disabled,FFSP100,Family-disabled,9,f009_012_9109fe39,1.8969993591308594,-1.8969993591308594,Rank / Pairwise margin,pairwise_margin_advantage_distinct|advantage_min_abs|tanh_relu|sum|weighted,loss_margin_rank_blend_tanh_min_abs_advantage_weighted_sum,advantage_heavy;advantage_blend_tanh_relu;unstructured_weighted_sum;bounded_or_normalized;plain_pairwise_margin
FFSP100_family_disabled,FFSP100,Family-disabled,9,f009_002_f449dcc0,1.7809997558593835,-1.7809997558593835,Rank / Pairwise margin,pairwise_margin_advantage_blend|advantage_combined_max|tanh_relu|mean|weight_normalization,loss_margin_rank_blend_tanh_max_advantage_weight_norm,advantage_heavy;advantage_blend_tanh_relu;bounded_or_normalized;plain_pairwise_margin
FFSP100_family_disabled,FFSP100,Family-disabled,9,f009_009_abc9a6ee,2.435999679565427,-2.435999679565427,Rank / Pairwise margin,pairwise_margin_advantage_blend|advantage_combined_mean_abs|tanh_relu|sum|weighted,loss_margin_rank_blend_tanh_weighted_sum_advantage,advantage_heavy;advantage_blend_tanh_relu;unstructured_weighted_sum;bounded_or_normalized;plain_pairwise_margin
FFSP100_family_disabled,FFSP100,Family-disabled,9,f009_015_44b3dde6,2.0470001220703153,-2.0470001220703153,Rank / Pairwise margin,pairwise_margin_advantage_blend|advantage_combined_mean_abs|sigmoid_relu|sum|weighted,loss_margin_rank_blend_sigmoid_mean_advantage,advantage_heavy;advantage_blend_tanh_relu;unstructured_weighted_sum;bounded_or_normalized;plain_pairwise_margin
